Column1,Column2,Column3,Column4,Column5,Column6,Column7,Column8,Column9,Column10,Column11,Column12,Column13,Column14,Column15,Column16,Column17,Column18,Column19,Column20,Column21,Column22,Column23,Column24
2025/1/17,8:49:39,-2743949.539,4701350.11,3312921.783,5,11,7.2041,17.0747,6.1792,3.7996,9.3879,-3.0016,0,0,0.0412,0.12465,0.03195,0.26172,0.60976,0.2103,0.2673,0.31674,0.10642
2025/1/17,8:49:40,-2743950.186,4701349.433,3312921.56,5,11,7.2039,17.0784,6.1799,3.7966,9.39,-3.0023,0,0,0.03045,-0.08453,-0.0596,0.26172,0.60996,0.21034,0.26731,0.31685,0.10642
2025/1/17,8:49:41,-2743949.511,4701350.888,3312921.89,5,11,7.2037,17.082,6.1807,3.7936,9.3921,-3.0031,0,0,-0.00469,0.18901,0.03992,0.26172,0.61015,0.21038,0.26731,0.31695,0.10642
2025/1/17,8:49:42,-2743949.937,4701349.366,3312921.482,5,11,7.2035,17.0857,6.1815,3.7906,9.3942,-3.0038,0,0,0.05471,-0.17325,-0.10778,0.26172,0.61035,0.21042,0.26731,0.31705,0.10642
2025/1/17,8:49:43,-2743950.249,4701351.14,3312922.191,5,11,7.2033,17.0894,6.1822,3.7875,9.3963,-3.0045,0,0,-0.07148,-0.22761,-0.05912,0.26172,0.61055,0.21046,0.26731,0.31716,0.10642
2025/1/17,8:49:44,-2743950.054,4701354.732,3312923.106,5,11,7.2031,17.093,6.183,3.7845,9.3984,-3.0052,0,0,-0.01742,-0.0608,0.03561,0.26172,0.61074,0.2105,0.26732,0.31726,0.10642
2025/1/17,8:49:45,-2743950.225,4701354.51,3312923.045,5,11,7.2029,17.0967,6.1838,3.7815,9.4005,-3.0059,0,0,-0.03624,-0.40416,-0.11873,0.26171,0.61094,0.21054,0.26732,0.31736,0.10642
2025/1/17,8:49:46,-2743951.146,4701353.587,3312923.038,5,11,7.2027,17.1004,6.1846,3.7784,9.4026,-3.0066,0,0,0.12485,0.00959,-0.05581,0.26171,0.61113,0.21058,0.26732,0.31747,0.10641
2025/1/17,8:49:47,-2743951.747,4701353.806,3312923.215,5,11,7.2025,17.104,6.1853,3.7754,9.4047,-3.0073,0,0,-0.04407,0.25008,0.06271,0.26171,0.61133,0.21062,0.26733,0.31757,0.10641
2025/1/17,8:49:48,-2743951.454,4701355.071,3312923.725,5,11,7.2023,17.1077,6.1861,3.7723,9.4068,-3.0081,0,0,0.03316,0.26398,0.09371,0.26171,0.61153,0.21066,0.26733,0.31767,0.10641
2025/1/17,8:49:49,-2743951.346,4701356.911,3312924.175,5,11,7.2021,17.1114,6.1869,3.7693,9.4089,-3.0088,0,0,0.01016,0.32461,0.10352,0.26171,0.61172,0.2107,0.26733,0.31778,0.10641
2025/1/17,8:49:50,-2743951.112,4701358.503,3312924.418,5,11,7.2019,17.1151,6.1876,3.7662,9.411,-3.0095,0,0,-0.0581,0.11781,0.02461,0.26171,0.61192,0.21074,0.26734,0.31788,0.10641
2025/1/17,8:49:51,-2743951.674,4701357.47,3312924.126,5,11,7.2017,17.1188,6.1884,3.7631,9.4131,-3.0102,0,0,-0.01921,0.45448,0.13203,0.26171,0.61212,0.21078,0.26734,0.31798,0.10641
2025/1/17,8:49:52,-2743951.713,4701356.917,3312923.916,5,11,7.2015,17.1225,6.1892,3.7601,9.4152,-3.0109,0,0,-0.07679,-0.14766,-0.01138,0.2617,0.61231,0.21082,0.26734,0.31809,0.10641
2025/1/17,8:49:53,-2743952.293,4701355.096,3312923.76,5,11,7.2014,17.1261,6.19,3.757,9.4173,-3.0116,0,0,-0.03181,-0.00335,0.00732,0.2617,0.61251,0.21086,0.26735,0.31819,0.10641
2025/1/17,8:49:54,-2743951.516,4701357.139,3312924.545,5,11,7.2012,17.1298,6.1908,3.7539,9.4194,-3.0124,0,0,-0.02241,0.32135,0.12161,0.2617,0.61271,0.2109,0.26735,0.31829,0.10641
2025/1/17,8:49:55,-2743951.851,4701357.194,3312924.722,5,11,7.201,17.1335,6.1915,3.7509,9.4215,-3.0131,0,0,-0.04856,-0.04631,0.01005,0.2617,0.61291,0.21094,0.26735,0.3184,0.1064
2025/1/17,8:49:56,-2743951.898,4701356.392,3312924.433,5,11,7.2008,17.1372,6.1923,3.7478,9.4236,-3.0138,0,0,-0.04894,0.01087,0.02324,0.2617,0.6131,0.21098,0.26736,0.3185,0.1064
2025/1/17,8:49:57,-2743951.66,4701356.242,3312924.336,5,11,7.2006,17.1409,6.1931,3.7447,9.4257,-3.0145,0,0,0.11053,0.16995,0.01384,0.2617,0.6133,0.21102,0.26736,0.31861,0.1064
2025/1/17,8:49:58,-2743951.701,4701354.126,3312923.536,5,11,7.2004,17.1446,6.1939,3.7416,9.4278,-3.0153,0,0,0.01779,-0.0555,-0.01102,0.2617,0.6135,0.21106,0.26736,0.31871,0.1064
2025/1/17,8:49:59,-2743951.605,4701351.513,3312922.569,5,11,7.2002,17.1483,6.1947,3.7385,9.4299,-3.016,0,0,-0.03059,-0.15937,-0.07309,0.26169,0.6137,0.2111,0.26736,0.31881,0.1064
2025/1/17,8:50:00,-2743950.89,4701353.806,3312922.546,5,11,7.2,17.152,6.1954,3.7354,9.432,-3.0167,0,0,0.02264,-0.13526,-0.02852,0.26169,0.6139,0.21114,0.26737,0.31892,0.1064
2025/1/17,8:50:01,-2743948.753,4701359.111,3312923.683,5,11,7.1998,17.1558,6.1962,3.7323,9.4341,-3.0174,0,0,0.01214,0.02988,-0.03388,0.26169,0.61409,0.21118,0.26737,0.31902,0.1064
2025/1/17,8:50:02,-2743948.861,4701357.352,3312923.259,5,11,7.1996,17.1595,6.197,3.7292,9.4363,-3.0181,0,0,-0.025,0.13677,0.05552,0.26169,0.61429,0.21122,0.26737,0.31913,0.10639
2025/1/17,8:50:03,-2743950.068,4701353.028,3312922.355,5,11,7.1994,17.1632,6.1978,3.726,9.4384,-3.0189,0,0,-0.04781,0.12838,0.07395,0.26169,0.61449,0.21126,0.26738,0.31923,0.10639
2025/1/17,8:50:04,-2743949.979,4701353.243,3312922.067,5,11,7.1992,17.1669,6.1986,3.7229,9.4405,-3.0196,0,0,-0.00843,-0.18901,-0.07635,0.26169,0.61469,0.2113,0.26738,0.31934,0.10639
2025/1/17,8:50:05,-2743949.143,4701351.921,3312921.671,5,11,7.199,17.1706,6.1993,3.7198,9.4426,-3.0203,0,0,0.02429,-0.3568,-0.10202,0.26169,0.61489,0.21134,0.26738,0.31944,0.10639
2025/1/17,8:50:06,-2743949.044,4701348.417,3312920.686,5,11,7.1988,17.1744,6.2001,3.7167,9.4447,-3.0211,0,0,0.08642,-0.00023,-0.01229,0.26168,0.61509,0.21138,0.26738,0.31954,0.10639
2025/1/17,8:50:07,-2743948.987,4701347.171,3312920.16,5,11,7.1986,17.1781,6.2009,3.7135,9.4469,-3.0218,0,0,-0.09934,0.18497,0.0768,0.26168,0.61529,0.21142,0.26739,0.31965,0.10639
2025/1/17,8:50:08,-2743950.2,4701346.307,3312919.997,5,11,7.1984,17.1818,6.2017,3.7104,9.449,-3.0225,0,0,0.09085,-0.03424,-0.09315,0.26168,0.61549,0.21146,0.26739,0.31975,0.10639
2025/1/17,8:50:09,-2743950.583,4701348.59,3312920.75,5,11,7.1982,17.1855,6.2025,3.7072,9.4511,-3.0232,0,0,0.08021,-0.48598,-0.14882,0.26168,0.61568,0.2115,0.26739,0.31986,0.10638
2025/1/17,8:50:10,-2743950.546,4701350.511,3312920.642,5,11,7.1981,17.1893,6.2033,3.7041,9.4532,-3.024,0,0,0.03139,0.00867,0.00262,0.26168,0.61588,0.21154,0.2674,0.31996,0.10638
2025/1/17,8:50:11,-2743950.927,4701351.278,3312920.965,5,11,7.1979,17.193,6.2041,3.7009,9.4553,-3.0247,0,0,-0.01717,-0.3476,-0.153,0.26168,0.61608,0.21158,0.2674,0.32007,0.10638
2025/1/17,8:50:12,-2743951.369,4701348.787,3312920.311,5,11,7.1977,17.1967,6.2049,3.6978,9.4575,-3.0254,0,0,0.05079,0.08415,0.03772,0.26168,0.61628,0.21162,0.2674,0.32017,0.10638
2025/1/17,8:50:14,-2743951.657,4701349.359,3312920.748,5,11,7.1973,17.2042,6.2064,3.6914,9.4617,-3.0269,0,0,-0.03283,-0.20822,-0.06776,0.26167,0.61668,0.2117,0.26741,0.32038,0.10638
2025/1/17,8:50:15,-2743953.014,4701344.199,3312919.842,5,11,7.1971,17.208,6.2072,3.6883,9.4639,-3.0276,0,0,0.02546,-0.11186,-0.07537,0.26167,0.61688,0.21174,0.26741,0.32049,0.10638
2025/1/17,8:50:16,-2743953.779,4701340.288,3312919.076,5,11,7.1969,17.2117,6.208,3.6851,9.466,-3.0283,0,0,0.04421,-0.33528,-0.12927,0.26167,0.61708,0.21178,0.26741,0.32059,0.10637
2025/1/17,8:50:17,-2743953.709,4701341.855,3312919.905,5,11,7.1967,17.2155,6.2088,3.6819,9.4681,-3.0291,0,0,-0.04404,0.19512,0.07321,0.26167,0.61728,0.21182,0.26742,0.3207,0.10637
2025/1/17,8:50:18,-2743954.223,4701340.54,3312919.708,5,11,7.1965,17.2192,6.2096,3.6787,9.4703,-3.0298,0,0,-0.0246,0.36171,0.18401,0.26167,0.61748,0.21186,0.26742,0.3208,0.10637
2025/1/17,8:50:19,-2743954.914,4701339.231,3312919.233,5,11,7.1963,17.223,6.2104,3.6755,9.4724,-3.0306,0,0,-0.05132,-0.2011,-0.00887,0.26167,0.61768,0.2119,0.26742,0.32091,0.10637
2025/1/17,8:50:20,-2743955.393,4701338.518,3312919.401,5,11,7.1961,17.2268,6.2112,3.6723,9.4745,-3.0313,0,0,0.0643,-0.12354,-0.06714,0.26166,0.61788,0.21194,0.26742,0.32101,0.10637
2025/1/17,8:50:21,-2743954.515,4701334.711,3312918.602,5,11,7.196,17.2305,6.212,3.6691,9.4767,-3.032,0,0,0.04035,0.10348,0.03676,0.26166,0.61809,0.21198,0.26743,0.32112,0.10637
2025/1/17,8:50:22,-2743954.21,4701334.443,3312918.579,5,11,7.1958,17.2343,6.2128,3.6659,9.4788,-3.0328,0,0,0.00269,-0.00113,-0.047,0.26166,0.61829,0.21202,0.26743,0.32122,0.10637
2025/1/17,8:50:23,-2743955.025,4701330.142,3312917.511,5,11,7.1956,17.2381,6.2136,3.6627,9.481,-3.0335,0,0,0.02469,-0.14675,-0.11687,0.26166,0.61849,0.21206,0.26743,0.32133,0.10636
2025/1/17,8:50:24,-2743955.718,4701328.533,3312917.075,5,11,7.1954,17.2418,6.2144,3.6595,9.4831,-3.0342,0,0,-0.15699,-0.16601,-0.05326,0.26166,0.61869,0.2121,0.26743,0.32143,0.10636
2025/1/17,8:50:25,-2743955.546,4701327.087,3312916.706,5,11,7.1952,17.2456,6.2152,3.6563,9.4852,-3.035,0,0,0.01912,0.49629,0.25365,0.26166,0.61889,0.21214,0.26744,0.32154,0.10636
2025/1/17,8:50:26,-2743955.19,4701330.403,3312917.282,5,11,7.195,17.2494,6.216,3.653,9.4874,-3.0357,0,0,0.07446,0.15538,-0.00846,0.26166,0.61909,0.21218,0.26744,0.32165,0.10636
2025/1/17,8:50:27,-2743954.307,4701328.885,3312916.917,5,11,7.1948,17.2532,6.2168,3.6498,9.4895,-3.0364,0,0,-0.07889,0.51856,0.27238,0.26165,0.61929,0.21222,0.26744,0.32175,0.10636
2025/1/17,8:50:28,-2743951.409,4701324.743,3312915.172,5,11,7.1946,17.2569,6.2176,3.6466,9.4917,-3.0372,0,0,-0.1276,-0.04668,-0.00247,0.26165,0.6195,0.21227,0.26744,0.32186,0.10636
2025/1/17,8:50:29,-2743941.264,4701326.472,3312913.212,5,12,5.5265,17.1785,6.1908,2.3503,9.5455,-2.5566,0,0,0.14607,0.2066,0.06533,0.19021,0.56667,0.20868,0.16268,0.30637,0.06553
2025/1/17,8:50:30,-2743936.758,4701322.318,3312912.13,5,12,5.5265,17.1823,6.1917,2.3455,9.5476,-2.5579,0,0,-0.02748,0.44729,0.169,0.19021,0.56686,0.20872,0.16264,0.30647,0.06549
2025/1/17,8:50:31,-2743931.35,4701320.67,3312911.639,5,12,5.5265,17.1862,6.1925,2.3406,9.5497,-2.5592,0,0,-0.08314,-0.31463,-0.04253,0.19021,0.56705,0.20875,0.16261,0.30656,0.06544
2025/1/17,8:50:32,-2743930.291,4701323.115,3312912.595,5,12,5.5265,17.19,6.1933,2.3358,9.5518,-2.5605,0,0,0.05076,-0.35727,-0.13446,0.19021,0.56724,0.20879,0.16257,0.30666,0.0654
2025/1/17,8:50:33,-2743928.952,4701319.129,3312911.081,5,12,5.5265,17.1938,6.1942,2.331,9.5539,-2.5618,0,0,-0.2022,0.19703,0.13784,0.1902,0.56743,0.20883,0.16254,0.30675,0.06536
2025/1/17,8:50:34,-2743929.46,4701318.492,3312910.539,5,12,5.5265,17.1976,6.195,2.3262,9.556,-2.5631,0,0,-0.05502,0.19951,0.05893,0.1902,0.56762,0.20886,0.1625,0.30685,0.06532
2025/1/17,8:50:35,-2743930.094,4701319.219,3312911.205,5,12,5.5265,17.2015,6.1959,2.3213,9.5581,-2.5644,0,0,0.12012,-0.22139,-0.13486,0.1902,0.56781,0.2089,0.16247,0.30694,0.06528
2025/1/17,8:50:36,-2743932.229,4701320.646,3312911.618,5,12,5.5265,17.2053,6.1967,2.3164,9.5602,-2.5657,0,0,-0.04159,-0.317,-0.14266,0.19019,0.568,0.20894,0.16244,0.30704,0.06524
2025/1/17,8:50:39,-2743931.864,4701360.291,3312922.352,5,13,5.3296,12.3981,5.4817,-3.4881,7.5453,-3.2917,0,0,0.2615,-0.075,-0.07471,0.17653,0.37601,0.19029,-0.06185,0.23988,-0.0434
2025/1/17,8:50:54,-2743913.496,4701335.355,3312905.691,5,12,8.0808,12.8355,6.7404,-6.8417,8.4918,-6.0593,0,0,-0.03078,-0.15935,-0.01547,0.27959,0.48807,0.29093,-0.26934,0.3561,-0.21837
2025/1/17,8:50:55,-2743912.945,4701338.536,3312906.083,5,12,8.082,12.8344,6.74,-6.8432,8.4912,-6.0601,0,0,0.04521,-0.18652,-0.0458,0.27963,0.48801,0.29088,-0.26938,0.35605,-0.21839
2025/1/17,8:50:56,-2743912.615,4701339.08,3312905.848,5,12,8.0833,12.8332,6.7396,-6.8447,8.4906,-6.0609,0,0,-0.06292,0.21351,0.07732,0.27968,0.48795,0.29084,-0.26942,0.356,-0.21841
2025/1/17,8:50:57,-2743911.994,4701341.687,3312906.562,5,12,8.0846,12.8321,6.7392,-6.8462,8.49,-6.0617,0,0,-0.03927,-0.0122,0.02044,0.27973,0.48789,0.29079,-0.26947,0.35595,-0.21842
2025/1/17,8:50:58,-2743912.926,4701341.17,3312907.277,5,12,8.0858,12.831,6.7388,-6.8477,8.4894,-6.0625,0,0,0.00639,-0.43019,-0.1184,0.27978,0.48783,0.29074,-0.26951,0.35589,-0.21844
2025/1/17,8:50:59,-2743912.051,4701338.823,3312906.2,5,12,8.0871,12.8299,6.7384,-6.8491,8.4888,-6.0633,0,0,0.04434,-0.18759,-0.08151,0.27983,0.48777,0.2907,-0.26955,0.35584,-0.21846
2025/1/17,8:51:00,-2743912.774,4701340.195,3312906.891,5,12,8.0884,12.8287,6.738,-6.8506,8.4882,-6.064,0,0,-0.12345,-0.10624,0.01394,0.27988,0.48771,0.29065,-0.26959,0.35579,-0.21848
2025/1/17,8:51:01,-2743912.684,4701341.32,3312907.456,5,12,8.0896,12.8276,6.7376,-6.8521,8.4876,-6.0648,0,0,0.05731,0.04694,0.01027,0.27993,0.48765,0.29061,-0.26963,0.35574,-0.2185
2025/1/17,8:51:02,-2743912.868,4701341.813,3312907.8,5,12,8.0909,12.8265,6.7372,-6.8536,8.487,-6.0656,0,0,-0.01008,0.44772,0.09909,0.27998,0.48759,0.29056,-0.26967,0.35568,-0.21852
2025/1/17,8:51:03,-2743912.368,4701327.362,3312907.067,5,11,8.5316,16.3003,7.0627,-4.45,9.662,-5.574,0,0,-0.02436,0.0562,0.03635,0.29658,0.67604,0.3084,-0.16426,0.41826,-0.19403
2025/1/17,8:51:04,-2743912.717,4701340.028,3312906.868,5,12,8.0934,12.8242,6.7364,-6.8566,8.4858,-6.0672,0,0,-0.0799,0.0586,0.01813,0.28007,0.48747,0.29047,-0.26975,0.35558,-0.21856
2025/1/17,8:51:05,-2743911.904,4701338.6,3312906.243,5,12,8.0947,12.8231,6.736,-6.8581,8.4852,-6.068,0,0,0.08975,-0.21234,-0.04095,0.28012,0.48741,0.29042,-0.2698,0.35553,-0.21858
2025/1/17,8:51:06,-2743911.439,4701338.541,3312905.733,5,12,8.0959,12.8219,6.7355,-6.8595,8.4846,-6.0687,0,0,-0.02325,0.16845,0.04519,0.28017,0.48735,0.29037,-0.26984,0.35547,-0.2186
2025/1/17,8:51:07,-2743912.363,4701340.32,3312906.671,5,12,8.0972,12.8208,6.7351,-6.861,8.484,-6.0695,0,0,-0.01715,-0.52351,-0.17388,0.28022,0.48729,0.29033,-0.26988,0.35542,-0.21861
2025/1/17,8:51:08,-2743907.709,4701349.476,3312906.714,5,11,8.1536,13.206,6.7403,-6.6402,8.5346,-6.0488,0,0,0.01419,0.12414,0.07991,0.28233,0.5009,0.2925,-0.27716,0.3612,-0.22142
2025/1/17,8:51:09,-2743906.305,4701347.492,3312905.371,5,11,8.1549,13.2044,6.7399,-6.6417,8.5337,-6.0497,0,0,0.06495,0.05412,-0.00121,0.28238,0.50084,0.29245,-0.2772,0.36114,-0.22143
2025/1/17,8:51:10,-2743906.5,4701349.594,3312906.505,5,11,8.1563,13.2028,6.7394,-6.6432,8.5329,-6.0505,0,0,0.05264,0.07573,-0.02873,0.28243,0.50077,0.2924,-0.27723,0.36108,-0.22145
2025/1/17,8:51:11,-2743906.811,4701349.232,3312906.32,5,11,8.1576,13.2012,6.7389,-6.6446,8.532,-6.0514,0,0,-0.05191,-0.06898,-0.02854,0.28248,0.5007,0.29235,-0.27727,0.36102,-0.22147
2025/1/17,8:51:12,-2743907.354,4701348.587,3312906.428,5,11,8.159,13.1996,6.7385,-6.6461,8.5312,-6.0522,0,0,-0.15145,-0.42064,-0.0759,0.28252,0.50063,0.2923,-0.27731,0.36096,-0.22148
2025/1/17,8:51:13,-2743906.459,4701347.214,3312905.81,5,11,8.1603,13.1979,6.738,-6.6476,8.5303,-6.0531,0,0,-0.15461,0.28138,0.10332,0.28257,0.50056,0.29225,-0.27734,0.36091,-0.2215
2025/1/17,8:51:14,-2743906.907,4701348.216,3312906.223,5,11,8.1617,13.1963,6.7376,-6.649,8.5295,-6.0539,0,0,-0.14772,0.4318,0.1712,0.28262,0.5005,0.2922,-0.27738,0.36085,-0.22151
2025/1/17,8:51:15,-2743906.923,4701346.881,3312905.585,5,11,8.163,13.1947,6.7371,-6.6505,8.5286,-6.0548,0,0,-0.00843,-0.30843,-0.10454,0.28266,0.50043,0.29215,-0.27741,0.36079,-0.22153
2025/1/17,8:51:16,-2743907.577,4701347.988,3312905.738,5,11,8.1644,13.1931,6.7366,-6.6519,8.5277,-6.0556,0,0,-0.11068,-0.25061,-0.04095,0.28271,0.50036,0.2921,-0.27745,0.36073,-0.22154
2025/1/17,8:51:17,-2743907.448,4701348.871,3312906.314,5,11,8.1657,13.1915,6.7362,-6.6534,8.5269,-6.0564,0,0,-0.01535,0.00013,0.01257,0.28276,0.50029,0.29205,-0.27748,0.36067,-0.22156
2025/1/17,8:51:18,-2743907.273,4701346.324,3312905.663,5,11,8.1671,13.1898,6.7357,-6.6549,8.526,-6.0573,0,0,-0.06399,-0.09359,-0.0582,0.28281,0.50022,0.292,-0.27752,0.36061,-0.22157
2025/1/17,8:51:19,-2743907.51,4701346.655,3312905.597,5,11,8.1684,13.1882,6.7352,-6.6563,8.5252,-6.0581,0,0,-0.0513,-0.39615,-0.1231,0.28285,0.50016,0.29195,-0.27755,0.36055,-0.22159
2025/1/17,8:51:20,-2743906.565,4701344.343,3312904.841,5,11,8.1698,13.1866,6.7348,-6.6578,8.5243,-6.059,0,0,0.11024,-0.20661,-0.16439,0.2829,0.50009,0.2919,-0.27759,0.36049,-0.2216
2025/1/17,8:51:21,-2743907.327,4701341.084,3312903.658,5,11,8.1711,13.185,6.7343,-6.6592,8.5235,-6.0598,0,0,-0.15486,-0.0796,-0.01782,0.28295,0.50002,0.29185,-0.27762,0.36043,-0.22162
2025/1/17,8:51:22,-2743906.983,4701337.835,3312902.073,5,11,8.1725,13.1834,6.7339,-6.6607,8.5226,-6.0606,0,0,0.12144,0.36267,0.12984,0.283,0.49995,0.2918,-0.27766,0.36038,-0.22163
2025/1/17,8:51:23,-2743904.984,4701333.109,3312899.939,5,11,8.1738,13.1817,6.7334,-6.6621,8.5217,-6.0615,0,0,-0.17158,0.39218,0.16257,0.28304,0.49988,0.29175,-0.27769,0.36032,-0.22165
2025/1/17,8:51:24,-2743905.942,4701330.767,3312899.273,5,11,8.1752,13.1801,6.7329,-6.6635,8.5209,-6.0623,0,0,-0.15587,0.07483,0.13164,0.28309,0.49981,0.2917,-0.27773,0.36026,-0.22166
2025/1/17,8:51:25,-2743905.419,4701330.247,3312898.548,5,11,8.1765,13.1785,6.7325,-6.665,8.52,-6.0631,0,0,-0.0228,0.42307,0.11436,0.28314,0.49975,0.29165,-0.27776,0.3602,-0.22168
2025/1/17,8:51:26,-2743904.567,4701326.761,3312897.1,5,11,8.1779,13.1769,6.732,-6.6664,8.5192,-6.064,0,0,0.09635,-0.28706,-0.12069,0.28319,0.49968,0.2916,-0.2778,0.36014,-0.22169
2025/1/17,8:51:27,-2743905.417,4701323.942,3312896.317,5,11,8.1792,13.1752,6.7315,-6.6679,8.5183,-6.0648,0,0,-0.03298,-0.27884,-0.04381,0.28323,0.49961,0.29155,-0.27783,0.36008,-0.22171
2025/1/17,8:51:28,-2743903.398,4701320.443,3312894.208,5,11,8.1806,13.1736,6.731,-6.6693,8.5174,-6.0656,0,0,-0.18332,0.51608,0.19999,0.28328,0.49954,0.2915,-0.27787,0.36002,-0.22172
2025/1/17,8:51:29,-2743903.574,4701318.197,3312892.985,5,11,8.1819,13.172,6.7306,-6.6707,8.5166,-6.0665,0,0,0.01537,0.07349,0.0285,0.28333,0.49947,0.29145,-0.2779,0.35996,-0.22174
2025/1/17,8:51:33,-2743931.464,4701350.117,3312909.572,5,10,13.1198,17.3167,9,-12.645,11.8198,-9.9054,0,0,0.0479,0.11442,0.02294,0.53983,0.64822,0.38773,-0.51698,0.48501,-0.40838
2025/1/17,8:51:34,-2743932.493,4701351.064,3312910.222,5,10,13.1208,17.3136,8.9982,-12.6447,11.8174,-9.9048,0,0,0.02888,0.23641,0.02128,0.53992,0.64815,0.38765,-0.51702,0.48493,-0.40837
2025/1/17,8:51:35,-2743931.634,4701351.596,3312910.258,5,10,13.1218,17.3105,8.9964,-12.6443,11.815,-9.9043,0,0,-0.17827,0.00852,0.02012,0.54001,0.64807,0.38757,-0.51705,0.48485,-0.40837
2025/1/17,8:51:36,-2743930.336,4701352.669,3312910.21,5,10,13.1228,17.3073,8.9946,-12.644,11.8127,-9.9037,0,0,0.10374,0.45721,0.08542,0.5401,0.64799,0.38749,-0.51708,0.48477,-0.40837
2025/1/17,8:51:37,-2743931.103,4701355.013,3312910.902,5,10,13.1238,17.3042,8.9928,-12.6436,11.8103,-9.9031,0,0,0.04406,0.0785,0.01665,0.54019,0.64792,0.38741,-0.51711,0.48469,-0.40836
2025/1/17,8:51:38,-2743928.899,4701354.682,3312910.376,5,10,13.1247,17.301,8.9911,-12.6432,11.8079,-9.9026,0,0,-0.12016,-0.06764,0.00245,0.54028,0.64784,0.38733,-0.51715,0.48461,-0.40836
2025/1/17,8:51:39,-2743928.974,4701355.406,3312910.602,5,10,13.1257,17.2979,8.9893,-12.6429,11.8055,-9.902,0,0,-0.08395,0.04841,0.05377,0.54037,0.64776,0.38725,-0.51718,0.48453,-0.40836
2025/1/17,8:51:40,-2743926.751,4701356.749,3312910.871,5,10,13.1267,17.2947,8.9875,-12.6425,11.8031,-9.9015,0,0,-0.01069,-0.33491,-0.11288,0.54046,0.64768,0.38717,-0.51721,0.48445,-0.40835
2025/1/17,8:51:41,-2743926.261,4701355.927,3312910.465,5,10,13.1277,17.2916,8.9857,-12.6421,11.8007,-9.9009,0,0,0.06389,0.23057,0.03403,0.54055,0.6476,0.38709,-0.51724,0.48436,-0.40835
2025/1/17,8:51:42,-2743927.013,4701358.051,3312911.365,5,10,13.1286,17.2884,8.9839,-12.6417,11.7983,-9.9003,0,0,-0.02175,0.36382,0.16379,0.54064,0.64752,0.38701,-0.51727,0.48428,-0.40834
2025/1/17,8:51:43,-2743927.883,4701357.31,3312911.159,5,10,13.1296,17.2852,8.9821,-12.6413,11.7959,-9.8997,0,0,0.12801,0.18013,0.0032,0.54073,0.64745,0.38693,-0.5173,0.4842,-0.40834
2025/1/17,8:51:44,-2743926.542,4701359.006,3312911.249,5,10,13.1305,17.2821,8.9803,-12.641,11.7935,-9.8992,0,0,-0.09341,-0.2678,-0.12337,0.54082,0.64737,0.38685,-0.51734,0.48412,-0.40834
2025/1/17,8:51:45,-2743927.382,4701359.196,3312911.158,5,10,13.1315,17.2789,8.9785,-12.6406,11.791,-9.8986,0,0,0.20211,0.06646,-0.052,0.54091,0.64729,0.38677,-0.51737,0.48403,-0.40833
2025/1/17,8:51:46,-2743926.861,4701359.024,3312910.811,5,10,13.1324,17.2757,8.9767,-12.6402,11.7886,-9.898,0,0,-0.0803,-0.14572,-0.04509,0.541,0.64721,0.38669,-0.5174,0.48395,-0.40833
2025/1/17,8:51:47,-2743926.382,4701358.183,3312910.999,5,10,13.1334,17.2725,8.9749,-12.6397,11.7862,-9.8974,0,0,-0.01657,-0.02619,-0.0501,0.54109,0.64713,0.38661,-0.51743,0.48387,-0.40832
2025/1/17,8:51:48,-2743932.734,4701366.58,3312915.371,5,11,8.2075,13.1409,6.7215,-6.6976,8.5,-6.082,0,0,0.0322,-0.098,-0.04517,0.28422,0.49815,0.29049,-0.27854,0.35882,-0.22201
2025/1/17,8:51:49,-2743931.061,4701365.621,3312914.4,5,11,8.2089,13.1392,6.721,-6.699,8.4991,-6.0828,0,0,0.00239,-0.17612,-0.04641,0.28426,0.49808,0.29044,-0.27857,0.35876,-0.22202
2025/1/17,8:51:50,-2743930.265,4701364.948,3312914.103,5,11,8.2102,13.1376,6.7205,-6.7004,8.4982,-6.0836,0,0,0.02873,0.03899,-0.00764,0.28431,0.49801,0.29038,-0.27861,0.3587,-0.22203
2025/1/17,8:51:52,-2743929.648,4701364.967,3312914.041,5,11,8.2129,13.1343,6.7196,-6.7031,8.4965,-6.0852,0,0,-0.11829,0.53421,0.20036,0.2844,0.49787,0.29028,-0.27867,0.35858,-0.22206
2025/1/17,8:51:53,-2743921.967,4701334.327,3312907.097,5,10,8.8667,18.365,7.1938,-1.447,10.2551,-5.3348,0,0,0.03274,-0.15967,-0.05897,0.29801,0.72115,0.31396,-0.17691,0.43705,-0.19666
2025/1/17,8:51:54,-2743931.75,4701364.878,3312914.349,5,11,8.2156,13.131,6.7186,-6.7059,8.4947,-6.0868,0,0,0.07017,0.25546,0.0927,0.2845,0.49773,0.29018,-0.27874,0.35846,-0.22209
2025/1/17,8:51:56,-2743932.071,4701363.773,3312914,5,11,8.2183,13.1277,6.7176,-6.7087,8.4929,-6.0884,0,0,-0.02958,0.28967,0.09716,0.28459,0.49759,0.29008,-0.2788,0.35834,-0.22211
2025/1/17,8:51:57,-2743932.015,4701362.721,3312914.227,5,11,8.2196,13.1261,6.7171,-6.71,8.492,-6.0892,0,0,0.06823,-0.15581,-0.10209,0.28463,0.49752,0.29003,-0.27883,0.35828,-0.22213
2025/1/17,8:51:58,-2743932.17,4701363.332,3312914.082,5,11,8.221,13.1244,6.7166,-6.7114,8.4912,-6.09,0,0,0.02259,-0.06955,-0.11533,0.28468,0.49745,0.28998,-0.27887,0.35822,-0.22214
2025/1/17,8:51:59,-2743932.419,4701363.095,3312913.876,5,11,8.2223,13.1228,6.7161,-6.7128,8.4903,-6.0908,0,0,-0.06787,-0.28046,-0.13109,0.28473,0.49738,0.28992,-0.2789,0.35815,-0.22215
2025/1/17,8:52:00,-2743933.531,4701365.021,3312914.845,5,11,8.2236,13.1211,6.7157,-6.7142,8.4894,-6.0916,0,0,-0.1044,-0.06408,0.00389,0.28477,0.4973,0.28987,-0.27893,0.35809,-0.22216
2025/1/17,8:52:01,-2743934.511,4701364.143,3312915.32,5,11,8.225,13.1195,6.7152,-6.7155,8.4885,-6.0924,0,0,-0.05208,-0.32958,-0.06674,0.28482,0.49723,0.28982,-0.27896,0.35803,-0.22218
2025/1/17,8:52:02,-2743935.883,4701363.734,3312915.51,5,11,8.2263,13.1178,6.7147,-6.7169,8.4876,-6.0932,0,0,-0.14056,0.02669,0.01768,0.28487,0.49716,0.28977,-0.27899,0.35797,-0.22219
2025/1/17,8:52:03,-2743948.352,4701330.503,3312910.232,5,10,8.8721,18.3837,7.1959,-1.541,10.2649,-5.3426,0,0,0.06439,-0.10169,-0.0665,0.29825,0.72269,0.31388,-0.17775,0.43754,-0.19679
2025/1/17,8:52:04,-2743950.41,4701332.461,3312910.798,5,10,8.8726,18.3856,7.1961,-1.5501,10.2659,-5.3434,0,0,-0.0209,0.04095,0.06007,0.29827,0.72284,0.31387,-0.17784,0.43759,-0.1968
2025/1/17,8:52:05,-2743951.85,4701335.847,3312912.575,5,10,8.8732,18.3875,7.1963,-1.5592,10.2669,-5.3442,0,0,0.05491,-0.10247,-0.01268,0.2983,0.723,0.31386,-0.17792,0.43764,-0.19682
2025/1/17,8:52:06,-2743951.092,4701340.219,3312913.799,5,10,8.8737,18.3893,7.1965,-1.5682,10.2679,-5.345,0,0,-0.11539,0.20707,0.0911,0.29832,0.72315,0.31385,-0.178,0.43769,-0.19683
2025/1/17,8:52:07,-2743952.952,4701333.959,3312912.26,5,10,8.8743,18.3912,7.1967,-1.5771,10.2688,-5.3458,0,0,0.00565,0.13723,0.0164,0.29834,0.72331,0.31384,-0.17809,0.43774,-0.19684
2025/1/17,8:52:08,-2743954.465,4701337.924,3312914.28,5,10,8.8748,18.3931,7.1969,-1.586,10.2698,-5.3466,0,0,0.18969,-0.07322,-0.05091,0.29837,0.72346,0.31383,-0.17817,0.43779,-0.19686
2025/1/17,8:52:09,-2743958.081,4701346.361,3312918.357,5,10,8.8753,18.3949,7.1971,-1.5949,10.2708,-5.3473,0,0,0.13522,-0.01861,-0.05791,0.29839,0.72362,0.31383,-0.17826,0.43784,-0.19687
2025/1/17,8:52:10,-2743960.768,4701350.288,3312920.478,5,10,8.8759,18.3968,7.1974,-1.6037,10.2718,-5.3481,0,0,0.03243,-0.20043,-0.09606,0.29841,0.72377,0.31382,-0.17834,0.43789,-0.19688
2025/1/17,8:52:11,-2743958.819,4701351.287,3312919.818,5,10,8.8764,18.3987,7.1976,-1.6124,10.2727,-5.3489,0,0,-0.17115,0.28525,0.10693,0.29844,0.72393,0.31381,-0.17843,0.43794,-0.19689
2025/1/17,8:52:12,-2743955.992,4701344.588,3312916.875,5,10,8.877,18.4006,7.1978,-1.6212,10.2737,-5.3497,0,0,-0.00271,0.11163,0.05314,0.29846,0.72408,0.3138,-0.17851,0.43799,-0.19691
2025/1/17,8:52:13,-2743956.015,4701344.856,3312917.348,5,10,8.8775,18.4024,7.198,-1.6298,10.2747,-5.3505,0,0,-0.08295,-0.13525,-0.09685,0.29848,0.72424,0.31379,-0.17859,0.43804,-0.19692
2025/1/17,8:52:14,-2743949.484,4701342.843,3312915.285,5,10,8.878,18.4043,7.1982,-1.6384,10.2757,-5.3512,0,0,-0.02947,0.02495,0.01072,0.29851,0.72439,0.31378,-0.17868,0.43809,-0.19693
2025/1/17,8:52:15,-2743945.12,4701339.465,3312912.822,5,10,8.8786,18.4062,7.1984,-1.647,10.2767,-5.352,0,0,-0.05574,0.16748,0.1517,0.29853,0.72455,0.31378,-0.17876,0.43814,-0.19695
2025/1/17,8:52:16,-2743942.815,4701335.581,3312910.984,5,10,8.8791,18.4081,7.1986,-1.6556,10.2776,-5.3528,0,0,0.17657,-0.17773,-0.12151,0.29855,0.72471,0.31377,-0.17885,0.43819,-0.19696
2025/1/17,8:52:17,-2743941.106,4701342.03,3312913.072,5,10,8.8797,18.4099,7.1988,-1.6641,10.2786,-5.3536,0,0,0.00565,0.17632,0.06227,0.29858,0.72486,0.31376,-0.17893,0.43824,-0.19697
2025/1/17,8:52:18,-2743938.283,4701339.718,3312912.136,5,10,8.8802,18.4118,7.199,-1.6725,10.2796,-5.3543,0,0,0.00378,0.16712,0.07049,0.2986,0.72502,0.31375,-0.17901,0.43829,-0.19699
2025/1/17,8:52:19,-2743936.566,4701353.592,3312917.071,5,11,8.6948,15.0168,7.0209,-4.7002,9.4193,-5.6175,0,0,-0.14929,0.05026,0.09544,0.29367,0.65509,0.30398,-0.12339,0.40986,-0.18601
2025/1/17,8:52:20,-2743939.452,4701350.419,3312917.477,5,12,8.5094,14.265,6.979,-5.5256,9.2267,-5.7394,0,0,0.04754,-0.08428,-0.01085,0.29364,0.6242,0.29931,-0.11919,0.39681,-0.18528
2025/1/17,8:52:21,-2743939.512,4701345.276,3312913.554,5,11,8.6955,15.0225,7.0217,-4.7078,9.4224,-5.6189,0,0,0.04908,0.12233,0.03641,0.29371,0.65534,0.30395,-0.12359,0.40994,-0.18604
2025/1/17,8:52:22,-2743938.457,4701361.197,3312920.89,5,12,8.5102,14.2705,6.9797,-5.5322,9.2298,-5.7409,0,0,0.02939,-0.12875,-0.07291,0.29369,0.62441,0.29928,-0.11941,0.39687,-0.18531
2025/1/17,8:52:23,-2743939.075,4701368.51,3312923.45,5,12,8.5106,14.2732,6.9801,-5.5355,9.2313,-5.7416,0,0,0.04687,-0.0515,-0.05575,0.29372,0.62452,0.29927,-0.11952,0.39691,-0.18532
2025/1/17,8:52:24,-2743940.465,4701374.827,3312925.917,5,12,8.511,14.276,6.9804,-5.5387,9.2328,-5.7424,0,0,-0.05693,0.26239,0.10089,0.29374,0.62463,0.29925,-0.11963,0.39694,-0.18533
2025/1/17,8:52:25,-2743940.886,4701380.846,3312928.049,5,12,8.5114,14.2787,6.9808,-5.542,9.2344,-5.7431,0,0,-0.06486,0.16218,0.14355,0.29376,0.62473,0.29924,-0.11974,0.39697,-0.18535
2025/1/17,8:52:26,-2743941.444,4701381.257,3312928.603,5,12,8.5119,14.2814,6.9812,-5.5453,9.2359,-5.7438,0,0,-0.02,0.22685,0.12428,0.29379,0.62484,0.29923,-0.11985,0.39701,-0.18536
2025/1/17,8:52:27,-2743943.301,4701379.69,3312928.455,5,12,8.5123,14.2842,6.9816,-5.5486,9.2374,-5.7446,0,0,-0.00403,0.04237,0.05465,0.29381,0.62495,0.29921,-0.11996,0.39704,-0.18537
2025/1/17,8:52:28,-2743941.655,4701383.238,3312928.995,5,12,8.5127,14.2869,6.9819,-5.5519,9.239,-5.7453,0,0,0.04928,0.44033,0.14493,0.29384,0.62506,0.2992,-0.12007,0.39707,-0.18539
2025/1/17,8:52:30,-2743941.785,4701387.409,3312929.549,5,12,8.5135,14.2924,6.9827,-5.5584,9.242,-5.7468,0,0,0.15235,-0.4192,-0.20884,0.29388,0.62527,0.29917,-0.12029,0.39714,-0.18541
2025/1/17,8:52:31,-2743942.39,4701385.776,3312928.984,5,12,8.514,14.2952,6.983,-5.5617,9.2435,-5.7475,0,0,0.00641,0.0758,0.0461,0.29391,0.62538,0.29916,-0.1204,0.39717,-0.18542
2025/1/17,8:52:32,-2743942.06,4701371.529,3312923.49,5,12,8.5144,14.298,6.9834,-5.565,9.2451,-5.7482,0,0,-0.00184,0.12756,0.03485,0.29393,0.62549,0.29915,-0.12051,0.39721,-0.18544
2025/1/17,8:52:33,-2743938.878,4701379.538,3312925.41,5,13,8.2042,12.0407,6.693,-6.9704,8.3733,-6.1315,0,0,0.09163,-0.11902,-0.03733,0.26853,0.46869,0.28445,-0.25318,0.34562,-0.21321
2025/1/17,8:52:34,-2743938.011,4701385.268,3312927.302,5,13,8.2055,12.0408,6.6925,-6.9723,8.3732,-6.1322,0,0,-0.05441,0.42683,0.11472,0.26859,0.46864,0.28441,-0.25323,0.34557,-0.21324
2025/1/17,8:52:35,-2743938.017,4701387.59,3312927.936,5,13,8.2067,12.0408,6.6921,-6.9741,8.373,-6.1329,0,0,-0.15629,-0.21888,-0.0119,0.26864,0.46859,0.28436,-0.25329,0.34552,-0.21326
2025/1/17,8:52:36,-2743936.843,4701384.002,3312926.538,5,13,8.2079,12.0408,6.6917,-6.976,8.3729,-6.1336,0,0,0.07947,-0.13504,-0.10269,0.2687,0.46854,0.28432,-0.25334,0.34547,-0.21328
2025/1/17,8:52:37,-2743943.172,4701352.03,3312917.306,5,12,8.5165,14.3118,6.9852,-5.5813,9.2527,-5.7519,0,0,0.0713,-0.04392,-0.05815,0.29405,0.62603,0.29908,-0.12106,0.39737,-0.1855
2025/1/17,8:52:38,-2743941.663,4701351.607,3312916.248,5,12,8.5169,14.3145,6.9856,-5.5846,9.2543,-5.7526,0,0,-0.00644,-0.00612,-0.06803,0.29408,0.62614,0.29906,-0.12117,0.39741,-0.18552
2025/1/17,8:52:39,-2743939.886,4701348.903,3312914.649,5,12,8.5173,14.3173,6.986,-5.5879,9.2558,-5.7534,0,0,-0.02251,0.05782,0.02677,0.2941,0.62625,0.29905,-0.12128,0.39744,-0.18553
2025/1/17,8:52:40,-2743938.987,4701348.907,3312913.967,5,12,8.5177,14.32,6.9863,-5.5911,9.2573,-5.7541,0,0,-0.07413,0.07321,0.10188,0.29412,0.62636,0.29904,-0.12139,0.39748,-0.18554
2025/1/17,8:52:41,-2743938.346,4701345.664,3312912.462,5,12,8.5181,14.3228,6.9867,-5.5944,9.2589,-5.7548,0,0,0.06431,0.33807,0.04723,0.29415,0.62647,0.29902,-0.12149,0.39751,-0.18556
2025/1/17,8:52:42,-2743938.012,4701346.887,3312913.051,5,12,8.5186,14.3256,6.9871,-5.5977,9.2604,-5.7556,0,0,-0.09935,0.22004,0.17802,0.29417,0.62658,0.29901,-0.1216,0.39754,-0.18557
2025/1/17,8:52:43,-2743937.977,4701344.339,3312912.636,5,12,8.519,14.3283,6.9874,-5.6009,9.2619,-5.7563,0,0,0.07843,0.59436,0.21255,0.2942,0.62669,0.299,-0.12171,0.39758,-0.18558
2025/1/17,8:52:44,-2743938.766,4701345.739,3312913.677,5,12,8.5194,14.3311,6.9878,-5.6042,9.2635,-5.757,0,0,-0.0572,-0.11753,-0.06135,0.29422,0.6268,0.29898,-0.12182,0.39761,-0.1856
2025/1/17,8:52:45,-2743935.94,4701345.47,3312912.636,5,12,8.5198,14.3339,6.9882,-5.6074,9.265,-5.7578,0,0,0.10778,0.16605,0.06553,0.29425,0.6269,0.29897,-0.12193,0.39764,-0.18561
2025/1/17,8:52:46,-2743937.057,4701341.381,3312911.422,5,12,8.5202,14.3367,6.9885,-5.6107,9.2665,-5.7585,0,0,0.03374,-0.12101,-0.01379,0.29427,0.62701,0.29896,-0.12204,0.39768,-0.18562
2025/1/17,8:52:47,-2743937.467,4701338.686,3312911.176,5,12,8.5207,14.3394,6.9889,-5.6139,9.268,-5.7592,0,0,-0.13082,0.13969,0.13017,0.29429,0.62712,0.29894,-0.12215,0.39771,-0.18564
2025/1/17,8:52:48,-2743933.434,4701335.11,3312910.035,5,12,8.5211,14.3422,6.9893,-5.6172,9.2696,-5.7599,0,0,-0.23078,0.19613,0.2113,0.29432,0.62723,0.29893,-0.12225,0.39774,-0.18565
2025/1/17,8:52:49,-2743939.954,4701337.402,3312912.816,5,12,8.5215,14.345,6.9896,-5.6204,9.2711,-5.7607,0,0,1.38644,-0.25539,-0.49388,0.29434,0.62734,0.29892,-0.12236,0.39778,-0.18566
2025/1/17,8:52:50,-2743929.644,4701330.468,3312907.322,5,12,8.5219,14.3478,6.99,-5.6237,9.2726,-5.7614,0,0,6.18228,-2.20839,-2.58949,0.29437,0.62745,0.2989,-0.12247,0.39781,-0.18568
2025/1/17,8:52:51,-2743927.317,4701329.444,3312905.607,5,11,12.4121,15.1711,8.1775,-8.7221,10.339,-8.4554,0,0,0.03083,0.09888,0.01228,0.47844,0.64455,0.34123,-0.26546,0.42718,-0.31076
2025/1/17,8:52:52,-2743928.416,4701334.972,3312907.334,5,11,12.4123,15.1746,8.1776,-8.7256,10.3408,-8.4556,0,0,-0.16689,0.02636,0.03775,0.47846,0.64467,0.3412,-0.26556,0.42722,-0.31074
2025/1/17,8:52:53,-2743925.157,4701338.525,3312908.33,5,11,12.4124,15.1781,8.1778,-8.729,10.3427,-8.4559,0,0,-0.12435,0.04863,0.02768,0.47847,0.6448,0.34117,-0.26567,0.42726,-0.31073
2025/1/17,8:52:54,-2743923.131,4701341.88,3312908.891,5,11,12.4126,15.1816,8.1779,-8.7325,10.3446,-8.4562,0,0,0.16245,-0.12875,-0.09252,0.47849,0.64492,0.34114,-0.26578,0.4273,-0.31072
2025/1/17,8:52:55,-2743942.27,4701358.63,3312921.413,5,12,8.9217,12.9032,5.5895,-2.6876,7.6977,-4.4713,0,0,-0.05871,0.10259,-0.01252,0.30103,0.54079,0.20132,0.24512,0.29291,0.07674
2025/1/17,8:52:56,-2743943.354,4701360.617,3312923.116,5,12,8.9213,12.9055,5.5898,-2.6931,7.6991,-4.4715,0,0,-0.14249,-0.06825,-0.00242,0.30101,0.54091,0.20135,0.24506,0.29299,0.07671
2025/1/17,8:52:57,-2743944.799,4701361.521,3312923.714,5,12,8.9209,12.9078,5.5901,-2.6986,7.7005,-4.4716,0,0,-0.12447,-0.15104,-0.03226,0.301,0.54103,0.20138,0.245,0.29306,0.07667
2025/1/17,8:52:58,-2743945.491,4701363.995,3312924.472,5,12,8.9205,12.9101,5.5903,-2.7041,7.7018,-4.4718,0,0,-0.11745,-0.01399,0.01555,0.30099,0.54116,0.20141,0.24493,0.29314,0.07664
2025/1/17,8:52:59,-2743946.322,4701363.225,3312924.227,5,12,8.9201,12.9124,5.5906,-2.7096,7.7032,-4.4719,0,0,-0.00843,-0.38015,-0.15248,0.30097,0.54128,0.20144,0.24487,0.29321,0.07661
2025/1/17,8:53:00,-2743947.509,4701361.632,3312923.513,5,12,8.9197,12.9147,5.5908,-2.715,7.7046,-4.4721,0,0,-0.12615,-0.00275,0.04231,0.30096,0.5414,0.20147,0.2448,0.29329,0.07657
2025/1/17,8:53:01,-2743948.431,4701358.611,3312921.635,5,12,8.9193,12.9171,5.5911,-2.7205,7.706,-4.4722,0,0,0.08666,0.11397,0.03615,0.30095,0.54152,0.2015,0.24474,0.29336,0.07654
2025/1/17,8:53:02,-2743947.657,4701358.785,3312922.292,5,12,8.9189,12.9194,5.5914,-2.7259,7.7073,-4.4724,0,0,-0.03451,0.07424,0.00572,0.30093,0.54164,0.20153,0.24468,0.29344,0.07651
2025/1/17,8:53:03,-2743948.073,4701358.436,3312921.991,5,12,8.9185,12.9217,5.5916,-2.7313,7.7087,-4.4725,0,0,-0.05418,-0.12835,-0.00748,0.30092,0.54177,0.20157,0.24461,0.29351,0.07647
2025/1/17,8:53:04,-2743929.013,4701341.212,3312909.162,5,11,12.4143,15.2168,8.1794,-8.7669,10.3631,-8.4592,0,0,0.13157,-0.07718,-0.08921,0.47865,0.64618,0.34086,-0.26687,0.42772,-0.31059
2025/1/17,8:53:05,-2743928.977,4701340.37,3312909.119,5,11,12.4145,15.2203,8.1796,-8.7704,10.365,-8.4595,0,0,-0.02217,-0.05887,-0.04046,0.47866,0.64631,0.34083,-0.26698,0.42776,-0.31057
2025/1/17,8:53:06,-2743929.527,4701339.823,3312908.65,5,11,12.4146,15.2238,8.1797,-8.7738,10.3669,-8.4597,0,0,-0.07568,0.10241,0.04836,0.47868,0.64643,0.3408,-0.26709,0.4278,-0.31056
2025/1/17,8:53:07,-2743925.805,4701338.277,3312908.114,5,11,12.4148,15.2274,8.1799,-8.7772,10.3687,-8.46,0,0,-0.08247,-0.06429,0.04233,0.47869,0.64656,0.34077,-0.2672,0.42784,-0.31055
2025/1/17,8:53:08,-2743924.14,4701339.08,3312908.002,5,11,12.415,15.2309,8.1801,-8.7807,10.3706,-8.4603,0,0,-0.19489,0.00033,0.03184,0.47871,0.64668,0.34074,-0.26731,0.42788,-0.31054
2025/1/17,8:53:09,-2743926.533,4701339.734,3312908.462,5,11,12.4152,15.2344,8.1802,-8.7841,10.3724,-8.4606,0,0,-0.01556,-0.24164,-0.12323,0.47872,0.64681,0.34071,-0.26742,0.42792,-0.31052
2025/1/17,8:53:10,-2743927.896,4701339.574,3312908.749,5,11,12.4153,15.238,8.1804,-8.7875,10.3743,-8.4609,0,0,-0.09347,-0.22509,-0.00825,0.47874,0.64694,0.34069,-0.26753,0.42797,-0.31051
2025/1/17,8:53:11,-2743928.819,4701338.332,3312908.766,5,11,12.4155,15.2415,8.1805,-8.791,10.3761,-8.4612,0,0,0.10919,-0.28062,-0.12877,0.47875,0.64706,0.34066,-0.26764,0.42801,-0.3105
2025/1/17,8:53:12,-2743927.774,4701336.69,3312907.985,5,11,12.4157,15.245,8.1807,-8.7944,10.378,-8.4615,0,0,0.23635,-0.52953,-0.23788,0.47877,0.64719,0.34063,-0.26775,0.42805,-0.31048
2025/1/17,8:53:13,-2743926.412,4701332.34,3312906.884,5,11,12.4158,15.2486,8.1808,-8.7978,10.3799,-8.4618,0,0,0.04811,-0.12296,-0.0599,0.47879,0.64732,0.3406,-0.26786,0.42809,-0.31047
2025/1/17,8:53:14,-2743925.32,4701334.82,3312907.69,5,11,12.416,15.2521,8.181,-8.8013,10.3817,-8.4621,0,0,-0.07955,-0.25848,-0.09511,0.4788,0.64744,0.34057,-0.26796,0.42813,-0.31046
2025/1/17,8:53:15,-2743925.137,4701335.428,3312908.398,5,11,12.4162,15.2557,8.1811,-8.8047,10.3836,-8.4624,0,0,0.22931,-0.21345,-0.15153,0.47882,0.64757,0.34055,-0.26807,0.42817,-0.31045
2025/1/17,8:53:16,-2743922.982,4701328.157,3312906.275,5,11,12.4163,15.2592,8.1813,-8.8081,10.3854,-8.4627,0,0,-0.07651,-0.12652,-0.09917,0.47883,0.6477,0.34052,-0.26818,0.42822,-0.31043
2025/1/17,8:53:17,-2743922.161,4701324.851,3312904.737,5,11,12.4165,15.2628,8.1814,-8.8116,10.3873,-8.4629,0,0,0.16497,-0.21276,-0.14286,0.47885,0.64783,0.34049,-0.26829,0.42826,-0.31042
2025/1/17,8:53:18,-2743921.011,4701321.387,3312903.225,5,11,12.4167,15.2663,8.1816,-8.815,10.3891,-8.4632,0,0,-0.07396,-0.24288,-0.06276,0.47887,0.64795,0.34046,-0.2684,0.4283,-0.31041
2025/1/17,8:53:19,-2743919.559,4701317.643,3312902.389,5,11,12.4169,15.2699,8.1817,-8.8184,10.391,-8.4635,0,0,-0.00073,0.12256,0.02341,0.47888,0.64808,0.34043,-0.26851,0.42834,-0.3104
2025/1/17,8:53:20,-2743917.372,4701317.027,3312901.751,5,11,12.417,15.2734,8.1819,-8.8218,10.3929,-8.4638,0,0,-0.30873,0.50019,0.3052,0.4789,0.64821,0.3404,-0.26862,0.42838,-0.31038
2025/1/17,8:53:21,-2743916.197,4701312.073,3312900.188,5,11,12.4172,15.277,8.182,-8.8253,10.3947,-8.4641,0,0,0.01089,0.17164,0.07572,0.47891,0.64834,0.34038,-0.26873,0.42843,-0.31037
2025/1/17,8:53:22,-2743918.879,4701312.059,3312900.189,5,11,12.4174,15.2805,8.1822,-8.8287,10.3966,-8.4644,0,0,-0.24953,0.06992,0.14503,0.47893,0.64846,0.34035,-0.26884,0.42847,-0.31036
2025/1/17,8:53:23,-2743920.255,4701311.748,3312900.485,5,11,12.4175,15.2841,8.1823,-8.8321,10.3984,-8.4647,0,0,0.02302,0.15435,0.05973,0.47894,0.64859,0.34032,-0.26895,0.42851,-0.31035
2025/1/17,8:53:24,-2743919.284,4701310.131,3312899.651,5,11,12.4177,15.2876,8.1825,-8.8355,10.4003,-8.465,0,0,0.09139,-0.29359,-0.08332,0.47896,0.64872,0.34029,-0.26906,0.42855,-0.31033
2025/1/17,8:53:25,-2743919.359,4701309.419,3312899.835,5,11,12.4179,15.2912,8.1826,-8.8389,10.4021,-8.4652,0,0,0.00913,0.16161,0.05148,0.47898,0.64885,0.34026,-0.26917,0.42859,-0.31032
2025/1/17,8:53:26,-2743919.709,4701307.564,3312899.394,5,11,12.418,15.2947,8.1828,-8.8424,10.404,-8.4655,0,0,-0.12438,-0.01637,0.02058,0.47899,0.64897,0.34024,-0.26928,0.42864,-0.31031
2025/1/17,8:53:27,-2743945.017,4701332.878,3312917.775,5,12,8.9091,12.9779,5.598,-2.859,7.7419,-4.4763,0,0,-0.14439,-0.08692,-0.00051,0.3006,0.54473,0.20232,0.24305,0.29533,0.07564
2025/1/17,8:53:28,-2743941.948,4701331.238,3312916.27,5,12,8.9087,12.9803,5.5983,-2.8642,7.7433,-4.4764,0,0,-0.03549,0.1755,0.12216,0.30059,0.54486,0.20235,0.24298,0.29541,0.0756
2025/1/17,8:53:29,-2743941.037,4701329.903,3312915.591,5,12,8.9083,12.9827,5.5985,-2.8694,7.7447,-4.4766,0,0,-0.11249,-0.29876,-0.12531,0.30057,0.54498,0.20238,0.24292,0.29548,0.07557
2025/1/17,8:53:30,-2743942.667,4701326.738,3312914.605,5,12,8.9079,12.985,5.5988,-2.8746,7.7461,-4.4768,0,0,0.10017,0.28234,0.03126,0.30056,0.54511,0.20241,0.24285,0.29556,0.07553
2025/1/17,8:53:31,-2743940.023,4701324.322,3312912.709,5,13,7.0925,12.9417,5.4174,-1.558,7.6474,-3.5241,0,0,-0.05154,0.0163,0.03964,0.24147,0.53583,0.20176,0.20224,0.29277,0.05206
2025/1/17,8:53:32,-2743940.549,4701323.161,3312912.207,5,13,7.0924,12.9439,5.4178,-1.565,7.6487,-3.5246,0,0,0.07404,0.07571,0.00412,0.24147,0.53597,0.20179,0.2022,0.29285,0.05202
2025/1/17,8:53:33,-2743930.447,4701308.635,3312902.395,5,12,8.5399,14.4683,7.0054,-5.7619,9.3385,-5.7923,0,0,0.04141,-0.10295,-0.09309,0.2954,0.63219,0.29832,-0.12704,0.39927,-0.18622
2025/1/17,8:53:34,-2743932.047,4701305.897,3312901.708,5,12,8.5403,14.4711,7.0058,-5.7651,9.34,-5.793,0,0,-0.00161,0.09095,0.01744,0.29542,0.6323,0.2983,-0.12714,0.3993,-0.18623
2025/1/17,8:53:35,-2743931.885,4701306.816,3312901.268,5,12,8.5407,14.4739,7.0061,-5.7683,9.3416,-5.7937,0,0,0.08362,0.05172,-0.01375,0.29545,0.63242,0.29829,-0.12725,0.39933,-0.18624
2025/1/17,8:53:36,-2743922.861,4701321.378,3312903.507,5,11,12.4197,15.3304,8.1842,-8.8765,10.4225,-8.4684,0,0,-0.19706,0.01576,0.06056,0.47915,0.65025,0.33996,-0.27037,0.42906,-0.31018
2025/1/17,8:53:37,-2743933.683,4701308.966,3312903.204,5,12,8.5415,14.4796,7.0068,-5.7747,9.3446,-5.7952,0,0,0.03224,0.03535,0.0197,0.29549,0.63264,0.29826,-0.12746,0.3994,-0.18627
2025/1/17,8:53:38,-2743934.238,4701308.402,3312903.75,5,12,8.5419,14.4824,7.0072,-5.7778,9.3462,-5.7959,0,0,-0.02206,0.01067,-0.00001,0.29552,0.63275,0.29825,-0.12756,0.39944,-0.18628
2025/1/17,8:53:41,-2743921.493,4701306.644,3312900.009,5,13,7.0384,14.4896,6.9091,-5.7052,9.3385,-5.2847,0,0,0.09976,-0.09265,-0.05971,0.21458,0.62973,0.29524,-0.172,0.40295,-0.1618
2025/1/17,8:53:42,-2743921.422,4701306.289,3312900.193,5,13,7.0391,14.4925,6.9095,-5.7082,9.34,-5.2857,0,0,-0.05255,0.17387,0.11058,0.2146,0.62984,0.29523,-0.17209,0.40298,-0.16183
2025/1/17,8:53:43,-2743920.71,4701308.463,3312900.124,5,13,7.0399,14.4953,6.9099,-5.7112,9.3415,-5.2867,0,0,-0.00539,-0.11138,0.01429,0.21462,0.62995,0.29522,-0.17217,0.40301,-0.16185
2025/1/17,8:53:44,-2743918.653,4701307.364,3312899.06,5,13,7.0406,14.4981,6.9104,-5.7142,9.343,-5.2878,0,0,-0.01571,0.02775,0.01887,0.21464,0.63007,0.29521,-0.17225,0.40304,-0.16188
2025/1/17,8:53:45,-2743917.812,4701305.042,3312897.679,5,13,7.0414,14.501,6.9108,-5.7172,9.3445,-5.2888,0,0,-0.07881,0.16571,0.06965,0.21466,0.63018,0.2952,-0.17234,0.40307,-0.16191
2025/1/17,8:53:46,-2743917.437,4701307.174,3312898.587,5,13,7.0421,14.5038,6.9112,-5.7202,9.346,-5.2898,0,0,0.09171,0.36742,0.12157,0.21468,0.63029,0.29519,-0.17242,0.40311,-0.16193
2025/1/17,8:53:47,-2743916.891,4701309.028,3312899.037,5,13,7.0429,14.5066,6.9117,-5.7231,9.3475,-5.2908,0,0,0.06358,0.26831,0.03115,0.2147,0.6304,0.29518,-0.1725,0.40314,-0.16196
2025/1/17,8:53:48,-2743913.602,4701305.363,3312896.862,5,13,7.0436,14.5095,6.9121,-5.7261,9.349,-5.2918,0,0,0.16783,0.08077,-0.03624,0.21472,0.63051,0.29517,-0.17258,0.40317,-0.16199
2025/1/17,8:53:49,-2743913.928,4701304.337,3312896.516,5,13,7.0443,14.5123,6.9125,-5.7291,9.3506,-5.2928,0,0,-0.02872,0.10199,0.15153,0.21474,0.63063,0.29516,-0.17267,0.4032,-0.16201
2025/1/17,8:53:50,-2743913.855,4701304.275,3312897.568,5,13,7.0451,14.5151,6.9129,-5.7321,9.3521,-5.2939,0,0,0.01164,0.19229,0.04257,0.21476,0.63074,0.29514,-0.17275,0.40324,-0.16204
2025/1/17,8:53:51,-2743912.958,4701304.568,3312897.123,5,13,7.0458,14.518,6.9134,-5.7351,9.3536,-5.2949,0,0,0.06018,-0.48194,-0.19839,0.21479,0.63085,0.29513,-0.17283,0.40327,-0.16207
2025/1/17,8:53:52,-2743913.609,4701304.165,3312896.707,5,13,7.0466,14.5208,6.9138,-5.738,9.3551,-5.2959,0,0,0.04208,0.18861,0.07843,0.21481,0.63096,0.29512,-0.17292,0.4033,-0.16209
2025/1/17,8:53:53,-2743914.027,4701307.199,3312897.307,5,13,7.0473,14.5237,6.9142,-5.741,9.3566,-5.2969,0,0,0.00301,0.07615,-0.07183,0.21483,0.63107,0.29511,-0.173,0.40333,-0.16212
2025/1/17,8:53:54,-2743914.499,4701305.738,3312896.503,5,13,7.0481,14.5265,6.9147,-5.744,9.3581,-5.2979,0,0,0.03377,0.10117,0.063,0.21485,0.63119,0.2951,-0.17308,0.40337,-0.16215
2025/1/17,8:53:55,-2743916.222,4701306.998,3312897.635,5,13,7.0488,14.5294,6.9151,-5.747,9.3596,-5.2989,0,0,-0.06675,0.0173,-0.01399,0.21487,0.6313,0.29509,-0.17317,0.4034,-0.16217
2025/1/17,8:53:56,-2743918.772,4701310.191,3312899.345,5,13,7.0496,14.5322,6.9155,-5.7499,9.3611,-5.2999,0,0,-0.18797,0.18235,0.14012,0.21489,0.63141,0.29508,-0.17325,0.40343,-0.1622
2025/1/17,8:53:57,-2743920.751,4701311.278,3312899.939,5,13,7.0503,14.535,6.916,-5.7529,9.3626,-5.301,0,0,0.07052,0.01354,-0.03998,0.21491,0.63152,0.29507,-0.17333,0.40347,-0.16222
2025/1/17,8:53:58,-2743923.081,4701312.025,3312901.025,5,13,7.0511,14.5379,6.9164,-5.7559,9.3641,-5.302,0,0,-0.00733,0.05092,0.07097,0.21493,0.63164,0.29506,-0.17342,0.4035,-0.16225
2025/1/17,8:53:59,-2743937.765,4701349.868,3312918.66,5,13,6.2386,13.0529,5.4453,-2.8107,7.7698,-3.4077,0,0,0.08764,-0.14602,-0.08257,0.20753,0.51366,0.20158,0.1271,0.28901,-0.01521
2025/1/17,8:54:00,-2743926.234,4701315.337,3312903.485,5,13,7.0525,14.5436,6.9172,-5.7618,9.3671,-5.304,0,0,0.0588,-0.05827,-0.01005,0.21497,0.63186,0.29504,-0.17358,0.40356,-0.1623
2025/1/17,8:54:02,-2743929.221,4701317.341,3312905.049,5,13,7.054,14.5493,6.9181,-5.7678,9.3701,-5.306,0,0,0.06569,-0.11866,-0.03864,0.21502,0.63209,0.29502,-0.17375,0.40363,-0.16236
2025/1/17,8:54:03,-2743931.52,4701316.346,3312905.444,5,13,7.0548,14.5522,6.9185,-5.7707,9.3716,-5.307,0,0,0.01342,-0.00445,-0.01368,0.21504,0.6322,0.29501,-0.17383,0.40366,-0.16238
2025/1/17,8:54:04,-2743932.14,4701316.891,3312905.384,5,13,7.0555,14.555,6.9189,-5.7737,9.3731,-5.308,0,0,-0.04902,-0.03085,0.00372,0.21506,0.63231,0.295,-0.17391,0.40369,-0.16241
2025/1/17,8:54:05,-2743932.021,4701314.76,3312904.739,5,13,7.0563,14.5579,6.9194,-5.7767,9.3746,-5.3091,0,0,0.0246,0.11373,-0.01469,0.21508,0.63243,0.29499,-0.174,0.40373,-0.16244
2025/1/17,8:54:06,-2743931.814,4701313.033,3312903.729,5,13,7.057,14.5607,6.9198,-5.7796,9.3761,-5.3101,0,0,0.12325,0.10465,-0.01058,0.2151,0.63254,0.29498,-0.17408,0.40376,-0.16246
2025/1/17,8:54:07,-2743930.919,4701313.891,3312904.467,5,13,7.0578,14.5636,6.9202,-5.7826,9.3777,-5.3111,0,0,-0.04072,-0.04897,-0.01449,0.21512,0.63265,0.29497,-0.17416,0.40379,-0.16249
2025/1/17,8:54:08,-2743928.194,4701311.145,3312902.358,5,13,7.0585,14.5665,6.9207,-5.7856,9.3792,-5.3121,0,0,0.04136,-0.28102,-0.18874,0.21514,0.63277,0.29496,-0.17424,0.40382,-0.16251
2025/1/17,8:54:09,-2743927.348,4701311.456,3312902.097,5,13,7.0593,14.5693,6.9211,-5.7885,9.3807,-5.3131,0,0,-0.21854,0.32429,0.15053,0.21516,0.63288,0.29494,-0.17433,0.40386,-0.16254
2025/1/17,8:54:10,-2743924.312,4701308.854,3312899.878,5,13,7.06,14.5722,6.9215,-5.7915,9.3822,-5.3141,0,0,-0.04937,-0.05217,0.00142,0.21518,0.63299,0.29493,-0.17441,0.40389,-0.16257
2025/1/17,8:54:11,-2743924.243,4701307.717,3312899.89,5,13,7.0608,14.575,6.9219,-5.7944,9.3837,-5.3151,0,0,0.0307,-0.26922,-0.11036,0.2152,0.63311,0.29492,-0.17449,0.40392,-0.16259
2025/1/17,8:54:12,-2743923.563,4701306.403,3312899.233,5,13,7.0615,14.5779,6.9224,-5.7974,9.3852,-5.3161,0,0,0.07015,0.03532,-0.04563,0.21522,0.63322,0.29491,-0.17458,0.40396,-0.16262
2025/1/17,8:54:13,-2743923.998,4701305.065,3312899.217,5,13,7.0623,14.5808,6.9228,-5.8004,9.3867,-5.3171,0,0,0.10267,0.04717,-0.07932,0.21525,0.63333,0.2949,-0.17466,0.40399,-0.16265
2025/1/17,8:54:14,-2743923.811,4701302.396,3312898.269,5,13,7.063,14.5836,6.9232,-5.8033,9.3882,-5.3181,0,0,-0.00495,0.32312,0.10745,0.21527,0.63345,0.29489,-0.17474,0.40402,-0.16267
2025/1/17,8:54:15,-2743924.011,4701293.497,3312895.201,5,13,7.0638,14.5865,6.9236,-5.8063,9.3897,-5.3192,0,0,0.1561,0.23462,0.05725,0.21529,0.63356,0.29488,-0.17482,0.40405,-0.1627
2025/1/17,8:54:16,-2743924.705,4701291.282,3312894.291,5,13,7.0645,14.5894,6.9241,-5.8092,9.3912,-5.3202,0,0,0.16004,0.00399,-0.07425,0.21531,0.63367,0.29487,-0.17491,0.40409,-0.16272
2025/1/17,8:54:17,-2743926.127,4701290.551,3312894.686,5,13,7.0653,14.5923,6.9245,-5.8122,9.3927,-5.3212,0,0,0.06144,-0.747,-0.27054,0.21533,0.63379,0.29486,-0.17499,0.40412,-0.16275
2025/1/17,8:54:18,-2743926.022,4701291.009,3312894.649,5,13,7.066,14.5951,6.9249,-5.8152,9.3942,-5.3222,0,0,0.10732,-0.16901,-0.08753,0.21535,0.6339,0.29485,-0.17507,0.40415,-0.16278
2025/1/17,8:54:19,-2743927.158,4701294.03,3312896.064,5,13,7.0667,14.598,6.9253,-5.8181,9.3958,-5.3232,0,0,0.10968,2.15379,0.75102,0.21537,0.63401,0.29484,-0.17516,0.40419,-0.1628
2025/1/17,8:54:22,-2743930.321,4701335.084,3312911.516,5,12,7.1974,19.5568,8.5007,-7.1804,12.347,-5.9194,0,0,-0.00545,-0.04282,-0.0531,0.22113,0.69668,0.30803,-0.12808,0.43493,-0.14859
2025/1/17,8:54:23,-2743923.438,4701329.758,3312901.72,5,13,7.0697,14.6095,6.927,-5.8299,9.4018,-5.3272,0,0,0.07951,0.29088,0.04166,0.21545,0.63447,0.2948,-0.17549,0.40432,-0.16291
2025/1/17,8:54:24,-2743929.533,4701337.27,3312912.73,5,12,7.1995,19.5699,8.5034,-7.1891,12.3538,-5.9228,0,0,0.05365,-0.06498,-0.02886,0.22117,0.69696,0.30801,-0.12828,0.435,-0.14865
2025/1/17,8:54:26,-2743925.977,4701336.173,3312911.161,5,12,7.2015,19.583,8.5061,-7.1978,12.3606,-5.9263,0,0,-0.06279,0.16096,0.03117,0.22121,0.69723,0.30799,-0.12847,0.43508,-0.14871
2025/1/17,8:54:27,-2743924.175,4701336.886,3312910.313,5,12,7.2025,19.5896,8.5074,-7.2022,12.3639,-5.928,0,0,-0.04058,0.20175,0.11145,0.22123,0.69737,0.30798,-0.12857,0.43512,-0.14873
2025/1/17,8:54:28,-2743924.646,4701335.979,3312910.27,5,12,7.2035,19.5962,8.5088,-7.2065,12.3673,-5.9297,0,0,-0.25014,0.15214,0.14278,0.22125,0.69751,0.30797,-0.12866,0.43516,-0.14876
2025/1/17,8:54:29,-2743926.36,4701334.179,3312910.086,5,12,7.2045,19.6027,8.5101,-7.2109,12.3707,-5.9314,0,0,-0.04595,-0.1363,-0.01929,0.22127,0.69765,0.30796,-0.12876,0.4352,-0.14879
2025/1/17,8:54:30,-2743926.66,4701333.186,3312909.87,5,12,7.2055,19.6093,8.5115,-7.2152,12.3741,-5.9331,0,0,0.08234,-0.21931,-0.05555,0.22129,0.69779,0.30795,-0.12886,0.43523,-0.14882
2025/1/17,8:54:31,-2743926.645,4701332.391,3312909.567,5,12,7.2066,19.6159,8.5128,-7.2196,12.3775,-5.9348,0,0,-0.06876,0.00975,-0.02154,0.22131,0.69792,0.30794,-0.12895,0.43527,-0.14885
2025/1/17,8:54:32,-2743927.164,4701332.312,3312909.597,5,12,7.2076,19.6225,8.5142,-7.2239,12.3809,-5.9365,0,0,0.22131,-0.03135,-0.04197,0.22133,0.69806,0.30792,-0.12905,0.43531,-0.14888
2025/1/17,8:54:33,-2743927.911,4701332.463,3312909.678,5,12,7.2086,19.6291,8.5155,-7.2283,12.3843,-5.9383,0,0,0.11005,-0.40573,-0.17434,0.22135,0.6982,0.30791,-0.12915,0.43535,-0.14891
2025/1/17,8:54:34,-2743927.232,4701332.317,3312909.452,5,12,7.2096,19.6357,8.5169,-7.2326,12.3877,-5.94,0,0,0.12914,-0.03787,-0.01823,0.22137,0.69834,0.3079,-0.12924,0.43539,-0.14894
2025/1/17,8:54:35,-2743926.798,4701331.324,3312909.056,5,12,7.2106,19.6423,8.5182,-7.237,12.3911,-5.9417,0,0,0.00854,-0.02667,-0.05001,0.22139,0.69848,0.30789,-0.12934,0.43543,-0.14896
2025/1/17,8:54:36,-2743927.239,4701331.163,3312909.045,5,12,7.2116,19.6489,8.5196,-7.2413,12.3945,-5.9434,0,0,-0.07551,0.16305,0.14744,0.22141,0.69862,0.30788,-0.12944,0.43547,-0.14899
2025/1/17,8:54:37,-2743926.529,4701331.474,3312908.935,5,12,7.2127,19.6555,8.5209,-7.2457,12.3979,-5.9451,0,0,-0.05087,0.05308,0.03044,0.22143,0.69876,0.30787,-0.12953,0.43551,-0.14902
2025/1/17,8:54:38,-2743926.854,4701329.851,3312908.665,5,12,7.2137,19.6621,8.5223,-7.2501,12.4013,-5.9468,0,0,0.00434,-0.12007,-0.04614,0.22146,0.69889,0.30786,-0.12963,0.43555,-0.14905
2025/1/17,8:54:39,-2743926.261,4701329.854,3312908.374,5,12,7.2147,19.6688,8.5236,-7.2544,12.4047,-5.9485,0,0,-0.19068,0.27204,0.1504,0.22148,0.69903,0.30785,-0.12973,0.43558,-0.14908
2025/1/17,8:54:40,-2743926.463,4701329.465,3312908.168,5,12,7.2157,19.6754,8.525,-7.2588,12.4081,-5.9503,0,0,0.14657,0.10624,0.0462,0.2215,0.69917,0.30784,-0.12982,0.43562,-0.14911
2025/1/17,8:54:41,-2743926.748,4701329.814,3312907.988,5,12,7.2167,19.682,8.5263,-7.2631,12.4115,-5.952,0,0,-0.04594,0.01482,0.02789,0.22152,0.69931,0.30783,-0.12992,0.43566,-0.14914
2025/1/17,8:54:42,-2743926.18,4701331.47,3312908.407,5,12,7.2178,19.6886,8.5277,-7.2675,12.4149,-5.9537,0,0,0.10913,-0.09372,-0.06023,0.22154,0.69945,0.30782,-0.13001,0.4357,-0.14916
2025/1/17,8:54:43,-2743927.101,4701330.69,3312908.551,5,12,7.2188,19.6953,8.529,-7.2718,12.4183,-5.9554,0,0,0.15026,-0.30319,-0.1219,0.22156,0.69959,0.30781,-0.13011,0.43574,-0.14919
2025/1/17,8:54:44,-2743927.062,4701330.771,3312908.399,5,12,7.2198,19.7019,8.5304,-7.2762,12.4217,-5.9571,0,0,-0.00233,-0.05892,-0.00903,0.22158,0.69973,0.3078,-0.13021,0.43578,-0.14922
2025/1/17,8:54:53,-2743930.246,4701336.593,3312911.093,5,12,7.229,19.7618,8.5426,-7.3154,12.4525,-5.9725,0,0,-0.1226,0.17129,0.05337,0.22176,0.70099,0.30771,-0.13107,0.43613,-0.14948
2025/1/17,8:54:54,-2743929.352,4701336.917,3312910.959,5,12,7.23,19.7685,8.5439,-7.3197,12.4559,-5.9743,0,0,0.15085,-0.05547,-0.04724,0.22178,0.70113,0.3077,-0.13116,0.43617,-0.14951
2025/1/17,8:54:55,-2743929.102,4701336.543,3312910.527,5,12,7.231,19.7752,8.5453,-7.3241,12.4593,-5.976,0,0,0.09437,-0.11469,-0.02028,0.2218,0.70127,0.30769,-0.13126,0.43621,-0.14953
2025/1/17,8:54:56,-2743928.878,4701336.047,3312909.985,5,12,7.2321,19.7818,8.5467,-7.3284,12.4627,-5.9777,0,0,0.09941,-0.18343,-0.08803,0.22182,0.70141,0.30768,-0.13135,0.43625,-0.14956
2025/1/17,8:54:57,-2743927.823,4701336.181,3312909.752,5,12,7.2331,19.7885,8.548,-7.3328,12.4662,-5.9794,0,0,-0.16149,-0.27193,-0.04876,0.22184,0.70155,0.30767,-0.13145,0.43629,-0.14959
2025/1/17,8:54:58,-2743927.088,4701335.14,3312908.986,5,12,7.2341,19.7952,8.5494,-7.3371,12.4696,-5.9811,0,0,-0.12268,0.02499,0.04997,0.22187,0.70169,0.30766,-0.13155,0.43633,-0.14962
2025/1/17,8:54:59,-2743924.383,4701338.979,3312909.625,5,12,7.2351,19.8019,8.5507,-7.3415,12.473,-5.9828,0,0,-0.00146,0.13221,0.05073,0.22189,0.70183,0.30764,-0.13164,0.43637,-0.14965
2025/1/17,8:55:00,-2743922.899,4701341.274,3312910.044,5,12,7.2362,19.8086,8.5521,-7.3459,12.4765,-5.9845,0,0,-0.11157,0.04369,0.00703,0.22191,0.70197,0.30763,-0.13174,0.43641,-0.14968
2025/1/17,8:55:01,-2743918.796,4701309.693,3312898.113,5,13,7.0982,14.7196,6.9429,-5.9415,9.4591,-5.3651,0,0,-0.29079,0.15963,0.14933,0.21625,0.63883,0.2944,-0.17861,0.40558,-0.16389
2025/1/17,8:55:02,-2743919.859,4701311.556,3312899.026,5,13,7.099,14.7225,6.9433,-5.9444,9.4606,-5.3661,0,0,-0.00034,0.02319,-0.00048,0.21628,0.63894,0.29439,-0.1787,0.40561,-0.16392
2025/1/17,8:55:03,-2743920.351,4701313.896,3312899.923,5,13,7.0997,14.7254,6.9437,-5.9473,9.4621,-5.367,0,0,0.0031,-0.09601,-0.03743,0.2163,0.63906,0.29438,-0.17878,0.40564,-0.16394
2025/1/17,8:55:04,-2743921.579,4701317.687,3312901.606,5,13,7.1005,14.7284,6.9441,-5.9503,9.4636,-5.368,0,0,-0.17099,0.11648,0.10621,0.21632,0.63917,0.29437,-0.17886,0.40568,-0.16397
2025/1/17,8:55:05,-2743923.444,4701321.953,3312903.781,5,13,7.1012,14.7313,6.9445,-5.9532,9.4651,-5.369,0,0,-0.00546,-0.10467,-0.08086,0.21634,0.63929,0.29436,-0.17894,0.40571,-0.16399
2025/1/17,8:55:06,-2743922.04,4701322.299,3312903.005,5,13,7.102,14.7342,6.9449,-5.9561,9.4666,-5.37,0,0,0.02966,-0.07781,-0.00891,0.21636,0.63941,0.29435,-0.17902,0.40574,-0.16402
2025/1/17,8:55:07,-2743923.336,4701321.752,3312902.994,5,13,7.1027,14.7371,6.9453,-5.959,9.4681,-5.371,0,0,-0.15768,0.12099,0.1184,0.21638,0.63952,0.29434,-0.17911,0.40578,-0.16405
2025/1/17,8:55:09,-2743932.838,4701330.793,3312909.457,5,13,7.1042,14.743,6.9461,-5.9648,9.4712,-5.373,0,0,0.0664,-0.12509,-0.04165,0.21642,0.63975,0.29431,-0.17927,0.40584,-0.1641
2025/1/17,8:55:14,-2743910.609,4701318.302,3312898.669,5,12,8.8618,15.413,7.5827,-7.6997,10.166,-6.7075,0,0,0.05319,0.18955,0.06313,0.2809,0.66176,0.31209,-0.24935,0.42686,-0.21348
2025/1/17,8:55:16,-2743911.039,4701319.707,3312898.982,5,12,8.8637,15.4199,7.5836,-7.7062,10.1696,-6.7095,0,0,0.05566,-0.17711,-0.07852,0.28095,0.66203,0.31206,-0.24953,0.42694,-0.21352
2025/1/17,8:55:17,-2743910.93,4701321.609,3312899.834,5,12,8.8646,15.4234,7.584,-7.7094,10.1714,-6.7105,0,0,0.05048,0.03183,0.0175,0.28098,0.66216,0.31205,-0.24962,0.42698,-0.21354
2025/1/17,8:55:18,-2743909.601,4701320.232,3312899.125,5,12,8.8656,15.4269,7.5844,-7.7126,10.1732,-6.7115,0,0,-0.0936,0.07821,0.06416,0.281,0.66229,0.31204,-0.24971,0.42702,-0.21356
2025/1/17,8:55:19,-2743910.03,4701320.697,3312899.326,5,12,8.8665,15.4303,7.5849,-7.7158,10.1749,-6.7125,0,0,-0.11603,0.04191,0.05639,0.28102,0.66243,0.31203,-0.24981,0.42707,-0.21358
2025/1/17,8:55:20,-2743909.627,4701322.256,3312899.811,5,12,8.8675,15.4338,7.5853,-7.719,10.1767,-6.7135,0,0,0.03033,-0.04792,-0.06983,0.28105,0.66256,0.31202,-0.2499,0.42711,-0.2136
2025/1/17,8:55:21,-2743908.429,4701323.405,3312899.869,5,12,8.8684,15.4373,7.5858,-7.7222,10.1785,-6.7144,0,0,0.02636,0.16316,0.08496,0.28107,0.66269,0.31201,-0.24999,0.42715,-0.21362
2025/1/17,8:55:22,-2743909.829,4701390.706,3312925.543,5,12,8.8547,11.4569,5.8506,-6.7091,7.23,-6.2907,0,0,0.40086,-0.32948,-0.19846,0.29633,0.37262,0.21254,-0.24803,0.23507,-0.22155
2025/1/17,8:55:23,-2743907.697,4701321.205,3312899.219,5,12,8.8703,15.4442,7.5866,-7.7287,10.1821,-6.7164,0,0,0.07381,-0.0565,-0.05679,0.28112,0.66296,0.31198,-0.25017,0.42723,-0.21366
2025/1/17,8:55:24,-2743907.806,4701321.781,3312899.22,5,12,8.8713,15.4477,7.5871,-7.7319,10.1839,-6.7174,0,0,0.00335,-0.08632,-0.02015,0.28114,0.66309,0.31197,-0.25027,0.42727,-0.21368
2025/1/17,8:55:25,-2743907.471,4701321.318,3312899.367,5,12,8.8722,15.4512,7.5875,-7.7351,10.1857,-6.7184,0,0,0.15672,-0.2225,-0.09654,0.28117,0.66323,0.31196,-0.25036,0.42731,-0.2137
2025/1/17,8:55:26,-2743906.849,4701321.146,3312898.987,5,12,8.8732,15.4547,7.588,-7.7383,10.1875,-6.7194,0,0,0.09339,-0.18035,-0.11556,0.28119,0.66336,0.31195,-0.25045,0.42735,-0.21372
2025/1/17,8:55:27,-2743907.012,4701321.905,3312898.989,5,12,8.8741,15.4582,7.5884,-7.7415,10.1892,-6.7203,0,0,0.03717,0.05728,0.0275,0.28121,0.66349,0.31194,-0.25054,0.42739,-0.21375
2025/1/17,8:55:28,-2743906.559,4701323.055,3312899.385,5,12,8.8751,15.4617,7.5888,-7.7447,10.191,-6.7213,0,0,-0.01663,0.2204,0.06086,0.28124,0.66363,0.31193,-0.25063,0.42743,-0.21377
2025/1/17,8:55:29,-2743906.478,4701323.923,3312899.86,5,12,8.876,15.4652,7.5893,-7.7479,10.1928,-6.7223,0,0,-0.15516,-0.06347,0.04236,0.28126,0.66376,0.31191,-0.25073,0.42747,-0.21379
2025/1/17,8:55:30,-2743906.008,4701324.803,3312899.91,5,12,8.877,15.4686,7.5897,-7.7512,10.1946,-6.7233,0,0,-0.12196,-0.37158,-0.0853,0.28129,0.66389,0.3119,-0.25082,0.42752,-0.21381
2025/1/17,8:55:31,-2743927.385,4701340.76,3312911.639,5,13,7.1208,14.8076,6.9551,-6.0287,9.5044,-5.3945,0,0,0.14337,-0.22105,-0.13717,0.21689,0.64232,0.29408,-0.18107,0.40658,-0.16466
2025/1/17,8:55:32,-2743929.182,4701343.806,3312913.233,5,13,7.1215,14.8105,6.9555,-6.0316,9.5059,-5.3955,0,0,0.07286,0.22375,0.05472,0.21691,0.64243,0.29407,-0.18115,0.40662,-0.16468
2025/1/17,8:55:33,-2743931.422,4701347.868,3312915.226,5,13,7.1223,14.8135,6.9559,-6.0345,9.5074,-5.3965,0,0,-0.08108,-0.05034,0.05816,0.21693,0.64255,0.29406,-0.18123,0.40665,-0.16471
2025/1/17,8:55:34,-2743931.738,4701345.945,3312914.545,5,13,7.123,14.8164,6.9563,-6.0374,9.5089,-5.3975,0,0,-0.16806,0.12619,0.07432,0.21695,0.64267,0.29405,-0.18131,0.40669,-0.16473
2025/1/17,8:55:35,-2743932.534,4701344.724,3312914.398,5,13,7.1238,14.8194,6.9567,-6.0403,9.5104,-5.3984,0,0,0.00325,-0.2266,-0.12636,0.21697,0.64279,0.29404,-0.18139,0.40672,-0.16476
2025/1/17,8:55:41,-2743932.947,4701338.542,3312912.09,5,13,7.1283,14.8371,6.9591,-6.0576,9.5194,-5.4043,0,0,0.11989,0.10518,-0.02139,0.2171,0.64349,0.29398,-0.18188,0.40692,-0.16491
2025/1/17,8:55:42,-2743932.77,4701340.017,3312912.992,5,13,7.129,14.8401,6.9595,-6.0605,9.521,-5.4052,0,0,-0.03005,-0.06535,-0.04085,0.21712,0.64361,0.29397,-0.18197,0.40696,-0.16493
2025/1/17,8:55:43,-2743932.52,4701335.033,3312911.254,5,13,7.1298,14.843,6.9599,-6.0634,9.5225,-5.4062,0,0,-0.00328,0.05672,0.05077,0.21714,0.64373,0.29396,-0.18205,0.40699,-0.16496
2025/1/17,8:55:44,-2743932.432,4701331.07,3312909.44,5,13,7.1305,14.846,6.9603,-6.0663,9.524,-5.4072,0,0,-0.05989,-0.2091,-0.05279,0.21717,0.64384,0.29395,-0.18213,0.40702,-0.16498
2025/1/17,8:55:45,-2743931.68,4701329.33,3312908.995,5,13,7.1313,14.849,6.9607,-6.0692,9.5255,-5.4082,0,0,0.00552,0.11142,0.04838,0.21719,0.64396,0.29394,-0.18221,0.40706,-0.16501
2025/1/17,8:55:46,-2743931.406,4701325.348,3312907.143,5,13,7.132,14.8519,6.9611,-6.0721,9.527,-5.4091,0,0,-0.06505,-0.24858,-0.07264,0.21721,0.64408,0.29393,-0.18229,0.40709,-0.16503
2025/1/17,8:55:47,-2743930.661,4701324.045,3312906.626,5,13,7.1328,14.8549,6.9615,-6.0749,9.5285,-5.4101,0,0,-0.00612,0.12484,0.0621,0.21723,0.6442,0.29392,-0.18237,0.40713,-0.16506
2025/1/17,8:55:55,-2743926.018,4701329.168,3312907.605,5,12,7.2932,20.1825,8.6271,-7.5856,12.6668,-6.0789,0,0,0.04737,-0.21684,-0.09016,0.22304,0.70982,0.30708,-0.1369,0.43862,-0.15121
2025/1/17,8:55:56,-2743919.744,4701330.793,3312906.098,5,12,7.2943,20.1894,8.6284,-7.59,12.6703,-6.0806,0,0,-0.04091,-0.10329,-0.07077,0.22306,0.70996,0.30707,-0.13699,0.43866,-0.15123
2025/1/17,8:55:57,-2743912.784,4701329.366,3312903.393,5,12,7.2953,20.1963,8.6298,-7.5944,12.6738,-6.0823,0,0,-0.27525,0.09689,0.09143,0.22308,0.71011,0.30706,-0.13708,0.4387,-0.15126
2025/1/17,8:55:58,-2743906.572,4701328.717,3312901.424,5,12,7.2964,20.2032,8.6312,-7.5988,12.6773,-6.0841,0,0,0.01596,0.0387,0.00573,0.2231,0.71025,0.30705,-0.13717,0.43874,-0.15129
2025/1/17,8:55:59,-2743903.1,4701329.187,3312900.837,5,12,7.2974,20.2101,8.6325,-7.6031,12.6808,-6.0858,0,0,-0.15348,-0.13507,0.00251,0.22312,0.7104,0.30704,-0.13727,0.43878,-0.15131
2025/1/17,8:56:00,-2743901.764,4701327.479,3312899.757,5,12,7.2985,20.217,8.6339,-7.6075,12.6843,-6.0875,0,0,-0.15533,0.29897,0.1716,0.22315,0.71054,0.30703,-0.13736,0.43882,-0.15134
2025/1/17,8:56:01,-2743895.078,4701330.191,3312898.66,5,12,7.2995,20.2239,8.6353,-7.6119,12.6878,-6.0892,0,0,-0.21339,0.01492,0.04252,0.22317,0.71069,0.30702,-0.13745,0.43887,-0.15137
2025/1/17,8:56:02,-2743906.979,4701327.877,3312901.123,5,11,8.9124,20.2309,8.7518,-7.6049,12.6894,-6.6583,0,0,-0.04138,0.18365,0.1066,0.30015,0.71698,0.31792,-0.19422,0.44763,-0.19872
2025/1/17,8:56:05,-2743907.625,4701283.556,3312886.326,5,12,8.9103,15.5917,7.6049,-7.8633,10.2573,-6.7575,0,0,0.06526,0.1183,0.0372,0.28213,0.66863,0.31151,-0.25405,0.42897,-0.21452
2025/1/17,8:56:07,-2743907.12,4701284.963,3312886.294,5,12,8.9122,15.5988,7.6057,-7.8697,10.2609,-6.7594,0,0,-0.14508,-0.27939,-0.10113,0.28218,0.6689,0.31149,-0.25424,0.42905,-0.21457
2025/1/17,8:56:08,-2743907.38,4701285.782,3312886.478,5,12,8.9132,15.6023,7.6062,-7.8729,10.2627,-6.7604,0,0,0.06974,0.05653,0.03764,0.2822,0.66903,0.31147,-0.25433,0.42909,-0.21459
2025/1/17,8:56:09,-2743907.814,4701286.511,3312886.823,5,12,8.9141,15.6058,7.6066,-7.8761,10.2644,-6.7614,0,0,-0.04971,0.01724,0.02179,0.28223,0.66917,0.31146,-0.25442,0.42914,-0.21461
2025/1/17,8:56:10,-2743906.857,4701286.259,3312886.62,5,12,8.9151,15.6094,7.607,-7.8793,10.2662,-6.7623,0,0,-0.16277,0.15774,0.0594,0.28225,0.66931,0.31145,-0.25451,0.42918,-0.21463
2025/1/17,8:56:11,-2743907.505,4701286.747,3312886.928,5,12,8.916,15.6129,7.6074,-7.8825,10.268,-6.7633,0,0,0.09243,0.16448,0.07846,0.28227,0.66944,0.31144,-0.25461,0.42922,-0.21465
2025/1/17,8:56:12,-2743907.249,4701284.605,3312886.131,5,12,8.917,15.6165,7.6079,-7.8857,10.2698,-6.7643,0,0,0.14699,0.02517,-0.09343,0.2823,0.66958,0.31143,-0.2547,0.42926,-0.21467
2025/1/17,8:56:13,-2743908.143,4701286.238,3312886.681,5,12,8.918,15.62,7.6083,-7.8889,10.2716,-6.7653,0,0,0.06879,-0.05354,-0.03414,0.28232,0.66972,0.31142,-0.25479,0.4293,-0.21469
2025/1/17,8:56:14,-2743906.244,4701289.296,3312887.102,5,12,8.9189,15.6236,7.6087,-7.8921,10.2734,-6.7662,0,0,0.09335,0.02304,0.00823,0.28235,0.66985,0.31141,-0.25488,0.42935,-0.21471
2025/1/17,8:56:16,-2743907.432,4701292.469,3312888.075,5,12,8.9208,15.6306,7.6096,-7.8984,10.277,-6.7682,0,0,0.16593,-0.13478,-0.10464,0.2824,0.67013,0.31138,-0.25507,0.42943,-0.21475
2025/1/17,8:56:17,-2743906.9,4701296.158,3312889.308,5,12,8.9218,15.6342,7.61,-7.9016,10.2788,-6.7691,0,0,-0.09635,-0.13571,0.0004,0.28242,0.67027,0.31137,-0.25516,0.42947,-0.21477
2025/1/17,8:56:18,-2743907.502,4701296.07,3312889.521,5,12,8.9227,15.6377,7.6104,-7.9048,10.2806,-6.7701,0,0,-0.01831,0.03298,-0.01778,0.28244,0.6704,0.31136,-0.25526,0.42951,-0.21479
2025/1/17,8:56:19,-2743907.152,4701297.108,3312889.766,5,12,8.9237,15.6413,7.6108,-7.908,10.2823,-6.7711,0,0,-0.11334,0.12237,0.0707,0.28247,0.67054,0.31135,-0.25535,0.42956,-0.21481
2025/1/17,8:56:20,-2743907.094,4701296.262,3312889.612,5,12,8.9246,15.6448,7.6113,-7.9112,10.2841,-6.772,0,0,-0.02203,-0.17521,-0.04743,0.28249,0.67068,0.31134,-0.25544,0.4296,-0.21483
2025/1/17,8:56:21,-2743908.21,4701299.357,3312890.749,5,12,8.9256,15.6484,7.6117,-7.9144,10.2859,-6.773,0,0,-0.02896,-0.20999,-0.07656,0.28252,0.67081,0.31133,-0.25553,0.42964,-0.21485
2025/1/17,8:56:25,-2743928.832,4701322.91,3312906.433,5,13,6.2519,13.4189,5.5046,-3.3673,7.9663,-3.5205,0,0,-0.13059,0.20069,0.12045,0.20745,0.53555,0.20613,0.11053,0.3005,-0.0378
2025/1/17,8:56:26,-2743926.763,4701320.194,3312904.86,5,13,6.252,13.4215,5.505,-3.3709,7.9677,-3.5212,0,0,0.0153,-0.11183,-0.08753,0.20745,0.53571,0.20616,0.1104,0.30058,-0.03792
2025/1/17,8:56:27,-2743923.792,4701326.147,3312905.625,5,13,6.2522,13.4241,5.5055,-3.3745,7.9691,-3.522,0,0,0.01087,-0.10377,-0.0266,0.20745,0.53586,0.20619,0.11027,0.30066,-0.03803
2025/1/17,8:56:28,-2743922.718,4701333.477,3312907.49,5,13,6.2523,13.4267,5.5059,-3.3781,7.9704,-3.5228,0,0,0.02857,0.41218,0.14851,0.20745,0.53602,0.20622,0.11014,0.30074,-0.03815
2025/1/17,8:56:30,-2743913.85,4701332.469,3312903.422,5,12,8.9342,15.6804,7.6155,-7.9431,10.302,-6.7817,0,0,0.00743,-0.135,-0.03668,0.28274,0.67205,0.31123,-0.25637,0.43002,-0.21504
2025/1/17,8:56:35,-2743919.575,4701320.487,3312901.066,5,13,7.1689,14.9982,6.9802,-6.2123,9.6008,-5.4561,0,0,-0.06225,0.22874,0.09014,0.21825,0.64991,0.29341,-0.18627,0.40877,-0.16625
2025/1/17,8:56:36,-2743912.772,4701317.041,3312897.842,5,13,7.1697,15.0012,6.9805,-6.2151,9.6023,-5.457,0,0,0.1169,-0.3291,-0.13649,0.21828,0.65003,0.2934,-0.18635,0.4088,-0.16628
2025/1/17,8:56:37,-2743912.485,4701319.826,3312898.895,5,13,7.1704,15.0042,6.9809,-6.218,9.6038,-5.458,0,0,0.45954,-0.46933,-0.28548,0.2183,0.65015,0.29339,-0.18643,0.40884,-0.1663
2025/1/17,8:56:38,-2743914.569,4701318.925,3312899.064,5,13,7.1712,15.0072,6.9813,-6.2208,9.6053,-5.4589,0,0,-0.31096,0.22825,0.15724,0.21832,0.65027,0.29338,-0.18651,0.40887,-0.16633
2025/1/17,8:56:39,-2743917.703,4701316.066,3312898.663,5,13,7.1719,15.0102,6.9817,-6.2236,9.6068,-5.4599,0,0,0.03955,-0.12369,-0.10574,0.21834,0.65039,0.29337,-0.18659,0.40891,-0.16635
2025/1/17,8:56:40,-2743921.065,4701315.781,3312899.951,5,13,7.1727,15.0132,6.9821,-6.2265,9.6083,-5.4608,0,0,0.1756,-0.2008,-0.14041,0.21836,0.65051,0.29336,-0.18667,0.40894,-0.16638
2025/1/17,8:56:41,-2743924.597,4701315.89,3312900.866,5,13,7.1734,15.0163,6.9824,-6.2293,9.6098,-5.4618,0,0,0.07611,-0.03182,-0.07063,0.21838,0.65063,0.29335,-0.18675,0.40898,-0.1664
2025/1/17,8:56:43,-2743927.621,4701314.609,3312901.681,5,13,7.1749,15.0223,6.9832,-6.235,9.6128,-5.4636,0,0,-0.05117,0.18,0.08264,0.21843,0.65087,0.29333,-0.18691,0.40904,-0.16645
2025/1/17,8:56:44,-2743926.657,4701310.417,3312900.254,5,13,7.1757,15.0253,6.9836,-6.2378,9.6144,-5.4646,0,0,0.09923,0.04147,-0.0202,0.21845,0.65099,0.29332,-0.18699,0.40908,-0.16648
2025/1/17,8:56:45,-2743924.672,4701306.187,3312898.256,5,13,7.1764,15.0283,6.984,-6.2406,9.6159,-5.4655,0,0,0.10654,-0.17656,-0.07932,0.21847,0.65111,0.29331,-0.18707,0.40911,-0.1665
2025/1/17,8:56:46,-2743923.582,4701301.731,3312896.026,5,13,7.1772,15.0313,6.9843,-6.2435,9.6174,-5.4665,0,0,0.01645,-0.03674,-0.06985,0.21849,0.65123,0.2933,-0.18715,0.40915,-0.16652
2025/1/17,8:56:47,-2743923.202,4701300.422,3312895.559,5,13,7.1779,15.0344,6.9847,-6.2463,9.6189,-5.4674,0,0,-0.0598,0.14264,0.04399,0.21851,0.65135,0.29329,-0.18723,0.40918,-0.16655
2025/1/17,8:56:49,-2743923.043,4701300.009,3312894.774,5,13,7.1794,15.0404,6.9855,-6.252,9.6219,-5.4693,0,0,-0.02317,0.14016,0.04495,0.21855,0.6516,0.29327,-0.1874,0.40925,-0.1666
2025/1/17,8:56:51,-2743924.028,4701299.97,3312895.781,5,13,7.1809,15.0464,6.9862,-6.2576,9.6249,-5.4712,0,0,0.08165,-0.37733,-0.18035,0.2186,0.65184,0.29324,-0.18756,0.40932,-0.16665
2025/1/17,8:56:52,-2743924.275,4701297.352,3312895.159,5,13,7.1817,15.0495,6.9866,-6.2604,9.6264,-5.4721,0,0,0.10064,-0.04169,-0.10941,0.21862,0.65196,0.29323,-0.18764,0.40936,-0.16667
2025/1/17,8:56:53,-2743923.26,4701299.013,3312895.372,5,13,7.1824,15.0525,6.987,-6.2633,9.6279,-5.473,0,0,0.05795,0.01337,-0.03445,0.21864,0.65208,0.29322,-0.18772,0.40939,-0.1667
2025/1/17,8:56:54,-2743922.557,4701297.7,3312895.047,5,13,7.1832,15.0555,6.9873,-6.2661,9.6294,-5.474,0,0,0.02589,-0.05537,-0.02034,0.21866,0.6522,0.29321,-0.1878,0.40943,-0.16672
2025/1/17,8:56:55,-2743923.371,4701296.248,3312894.804,5,13,7.1839,15.0585,6.9877,-6.2689,9.6309,-5.4749,0,0,-0.01654,-0.22659,-0.03515,0.21868,0.65232,0.2932,-0.18788,0.40946,-0.16674
2025/1/17,8:56:56,-2743923.732,4701296.606,3312894.748,5,13,7.1847,15.0615,6.9881,-6.2717,9.6324,-5.4759,0,0,-0.20023,-0.59315,-0.15307,0.2187,0.65244,0.29319,-0.18796,0.4095,-0.16677
2025/1/17,8:56:57,-2743923.281,4701292.116,3312893.242,5,13,7.1854,15.0646,6.9885,-6.2746,9.6339,-5.4768,0,0,0.09174,-0.1967,-0.08449,0.21873,0.65256,0.29318,-0.18804,0.40953,-0.16679
2025/1/17,8:56:58,-2743924.51,4701296.886,3312895.102,5,13,7.1862,15.0676,6.9888,-6.2774,9.6354,-5.4777,0,0,-0.0589,-0.29459,-0.06449,0.21875,0.65268,0.29317,-0.18812,0.40956,-0.16682
2025/1/17,8:56:59,-2743923.21,4701292.68,3312893.401,5,13,7.187,15.0706,6.9892,-6.2802,9.6369,-5.4787,0,0,0.08104,0.01292,-0.02076,0.21877,0.65281,0.29316,-0.1882,0.4096,-0.16684
2025/1/17,8:57:01,-2743929.483,4701335.38,3312909.365,5,12,7.3631,20.6452,8.7176,-7.8737,12.8996,-6.192,0,0,-0.04748,-0.07887,-0.00874,0.22441,0.71955,0.30644,-0.14291,0.44138,-0.15298
2025/1/17,8:57:02,-2743926.804,4701334.568,3312908.349,5,12,7.3642,20.6523,8.719,-7.8781,12.9031,-6.1937,0,0,-0.17812,-0.0282,0.02468,0.22444,0.7197,0.30643,-0.143,0.44142,-0.153
2025/1/17,8:57:03,-2743919.883,4701332.548,3312905.565,5,12,7.3652,20.6595,8.7203,-7.8824,12.9067,-6.1954,0,0,-1.22769,0.38968,0.46133,0.22446,0.71985,0.30643,-0.14309,0.44146,-0.15303
2025/1/17,8:57:10,-2743911.966,4701332.952,3312904.111,5,11,8.9745,20.7094,8.8396,-7.9054,12.9304,-6.7552,0,0,0.01736,0.04353,0.01878,0.30164,0.72762,0.31726,-0.20127,0.45087,-0.20018
2025/1/17,8:57:11,-2743911.74,4701331.965,3312903.698,5,11,8.9754,20.7166,8.8409,-7.9098,12.9339,-6.7566,0,0,0.04296,0.04387,0.00021,0.30166,0.72778,0.31725,-0.20137,0.45092,-0.20021
2025/1/17,8:57:12,-2743911.496,4701330.642,3312902.952,5,11,8.9764,20.7238,8.8422,-7.9142,12.9375,-6.7581,0,0,-0.27986,-0.25886,-0.02035,0.30168,0.72794,0.31724,-0.20148,0.45097,-0.20023
2025/1/17,8:57:13,-2743910.641,4701332.011,3312903.352,5,11,8.9773,20.7309,8.8435,-7.9187,12.9411,-6.7595,0,0,-0.24109,-0.05532,0.01895,0.30171,0.72809,0.31723,-0.20158,0.45102,-0.20025
2025/1/17,8:57:14,-2743910.653,4701331.859,3312903.374,5,11,8.9782,20.7381,8.8448,-7.9231,12.9447,-6.7609,0,0,0.20341,0.0838,0.04221,0.30173,0.72825,0.31722,-0.20169,0.45106,-0.20027
2025/1/17,8:57:15,-2743911.193,4701330.609,3312903.006,5,11,8.9791,20.7453,8.8461,-7.9275,12.9482,-6.7624,0,0,0.04821,0.18009,0.02042,0.30175,0.72841,0.31721,-0.20179,0.45111,-0.20029
2025/1/17,8:57:16,-2743911.053,4701331.649,3312903.443,5,11,8.98,20.7524,8.8473,-7.9319,12.9518,-6.7638,0,0,-0.30148,-0.05459,0.06271,0.30177,0.72857,0.3172,-0.20189,0.45116,-0.20031
2025/1/17,8:57:17,-2743910.086,4701330.923,3312903.083,5,11,8.981,20.7596,8.8486,-7.9364,12.9554,-6.7652,0,0,-0.07409,-0.0762,-0.00966,0.30179,0.72873,0.31719,-0.202,0.45121,-0.20033
2025/1/17,8:57:19,-2743909.13,4701330.183,3312902.8,5,11,8.9828,20.774,8.8512,-7.9452,12.9626,-6.7681,0,0,-0.15988,-0.11419,-0.03223,0.30184,0.72906,0.31718,-0.20221,0.45131,-0.20038
2025/1/17,8:57:20,-2743908.377,4701329.423,3312902.307,5,11,8.9837,20.7811,8.8525,-7.9496,12.9662,-6.7695,0,0,0.1107,-0.09158,-0.06234,0.30186,0.72922,0.31717,-0.20231,0.45136,-0.2004
2025/1/17,8:57:23,-2743908.623,4701331.128,3312903.087,5,11,8.9865,20.8027,8.8564,-7.9629,12.9769,-6.7738,0,0,-0.23142,-0.08942,0.03583,0.30193,0.7297,0.31714,-0.20262,0.4515,-0.20046
2025/1/17,8:57:24,-2743907.627,4701330.69,3312902.797,5,11,8.9874,20.8099,8.8577,-7.9673,12.9805,-6.7752,0,0,-0.10043,-0.03224,0.01299,0.30195,0.72986,0.31713,-0.20272,0.45155,-0.20048
2025/1/17,8:57:25,-2743907.456,4701330.052,3312902.336,5,11,8.9884,20.8171,8.859,-7.9717,12.9841,-6.7767,0,0,0.15097,-0.02869,-0.06489,0.30197,0.73002,0.31712,-0.20283,0.4516,-0.20051
2025/1/17,8:57:26,-2743907.721,4701330.459,3312902.366,5,11,8.9893,20.8243,8.8603,-7.9762,12.9877,-6.7781,0,0,0.02968,-0.28419,-0.1222,0.30199,0.73018,0.31711,-0.20293,0.45165,-0.20053
2025/1/17,8:57:29,-2743930.046,4701333.841,3312910.002,5,12,7.3931,20.8459,8.756,-7.9959,12.9995,-6.2398,0,0,0.11283,-0.03904,-0.03566,0.225,0.72378,0.30618,-0.14541,0.44258,-0.15371
2025/1/17,8:57:31,-2743924.699,4701336.054,3312909.069,5,12,7.3953,20.8603,8.7588,-8.0046,13.0067,-6.2432,0,0,0.11057,0.02811,-0.02911,0.22504,0.72409,0.30616,-0.14559,0.44267,-0.15376
2025/1/17,8:57:33,-2743919.18,4701296.456,3312894.052,5,13,7.2125,15.1739,7.0016,-6.3755,9.6878,-5.5101,0,0,0.09642,-0.05284,-0.03862,0.2195,0.65695,0.2928,-0.19093,0.41079,-0.16766
